source,target,value,distance_end,code_site,date
Le Rhône_99.0,Le Rhône_61.0,2649.354,99.0,V5480001,2023-11-13
Le Rhône_99.0,Le Rhône_61.0,5258.896,99.0,V5480001,2023-12-14
Le Rhône_99.0,Le Rhône_61.0,2524.729,99.0,V5480001,2023-11-12
Le Rhône_99.0,Le Rhône_61.0,3317.021,99.0,V5480001,2023-12-06
Le Rhône_99.0,Le Rhône_61.0,2516.25,99.0,V5480001,2023-12-27
Le Rhône_99.0,Le Rhône_61.0,4002.396,99.0,V5480001,2023-12-18
Le Rhône_99.0,Le Rhône_61.0,1949.979,99.0,V5480001,2023-11-27
Le Rhône_99.0,Le Rhône_61.0,3236.396,99.0,V5480001,2023-11-22
Le Rhône_99.0,Le Rhône_61.0,3115.792,99.0,V5480001,2023-11-04
Le Rhône_99.0,Le Rhône_61.0,4411.75,99.0,V5480001,2023-12-17
Le Rhône_99.0,Le Rhône_61.0,3330.271,99.0,V5480001,2023-12-01
Le Rhône_99.0,Le Rhône_61.0,3277.354,99.0,V5480001,2023-12-07
Le Rhône_99.0,Le Rhône_61.0,2406.625,99.0,V5480001,2023-12-28
Le Rhône_99.0,Le Rhône_61.0,3116.688,99.0,V5480001,2023-11-14
Le Rhône_99.0,Le Rhône_61.0,2160.917,99.0,V5480001,2023-11-30
Le Rhône_99.0,Le Rhône_61.0,4804.292,99.0,V5480001,2023-12-16
Le Rhône_99.0,Le Rhône_61.0,3423.396,99.0,V5480001,2023-11-21
Le Rhône_99.0,Le Rhône_61.0,3096.833,99.0,V5480001,2023-11-03
Le Rhône_99.0,Le Rhône_61.0,5258.625,99.0,V5480001,2023-12-15
Le Rhône_99.0,Le Rhône_61.0,3853.5,99.0,V5480001,2023-11-15
Le Rhône_99.0,Le Rhône_61.0,2067.688,99.0,V5480001,2023-12-29
Le Rhône_99.0,Le Rhône_61.0,3902.708,99.0,V5480001,2023-12-19
Le Rhône_99.0,Le Rhône_61.0,3113.062,99.0,V5480001,2023-11-23
Le Rhône_99.0,Le Rhône_61.0,3024.354,99.0,V5480001,2023-11-05
Le Rhône_99.0,Le Rhône_61.0,2293.938,99.0,V5480001,2023-11-09
Le Rhône_99.0,Le Rhône_61.0,2974.646,99.0,V5480001,2023-12-24
Le Rhône_99.0,Le Rhône_61.0,2849.146,99.0,V5480001,2023-11-07
Le Rhône_99.0,Le Rhône_61.0,2631.188,99.0,V5480001,2023-11-25
Le Rhône_99.0,Le Rhône_61.0,2581.958,99.0,V5480001,2023-11-08
Le Rhône_99.0,Le Rhône_61.0,3219.479,99.0,V5480001,2023-12-23
Le Rhône_99.0,Le Rhône_61.0,4138.125,99.0,V5480001,2023-12-04
Le Rhône_99.0,Le Rhône_61.0,3130.583,99.0,V5480001,2023-12-22
Le Rhône_99.0,Le Rhône_61.0,2672.5,99.0,V5480001,2023-12-25
Le Rhône_99.0,Le Rhône_61.0,3177.188,99.0,V5480001,2023-11-06
Le Rhône_99.0,Le Rhône_61.0,2400.833,99.0,V5480001,2023-11-11
Le Rhône_99.0,Le Rhône_61.0,2836.375,99.0,V5480001,2023-11-24
Le Rhône_99.0,Le Rhône_61.0,3352.854,99.0,V5480001,2023-12-21
Le Rhône_99.0,Le Rhône_61.0,2254.0,99.0,V5480001,2023-11-26
Le Rhône_99.0,Le Rhône_61.0,4714.479,99.0,V5480001,2023-12-02
Le Rhône_99.0,Le Rhône_61.0,2282.979,99.0,V5480001,2023-11-10
Le Rhône_99.0,Le Rhône_61.0,3638.792,99.0,V5480001,2023-12-05
Le Rhône_99.0,Le Rhône_61.0,2504.396,99.0,V5480001,2023-12-26
Le Rhône_99.0,Le Rhône_61.0,3674.75,99.0,V5480001,2023-12-20
Le Rhône_99.0,Le Rhône_61.0,3072.396,99.0,V5480001,2023-12-08
Le Rhône_99.0,Le Rhône_61.0,4751.146,99.0,V5480001,2023-12-03
Le Rhône_99.0,Le Rhône_61.0,1979.083,99.0,V5480001,2023-11-29
Le Rhône_99.0,Le Rhône_61.0,4430.854,99.0,V5480001,2023-11-16
Le Rhône_99.0,Le Rhône_61.0,3742.75,99.0,V5480001,2023-11-18
Le Rhône_99.0,Le Rhône_61.0,3164.625,99.0,V5480001,2023-12-10
Le Rhône_99.0,Le Rhône_61.0,1727.979,99.0,V5480001,2023-12-31
Le Rhône_99.0,Le Rhône_61.0,3938.062,99.0,V5480001,2023-11-17
Le Rhône_99.0,Le Rhône_61.0,4364.396,99.0,V5480001,2023-12-12
Le Rhône_99.0,Le Rhône_61.0,1874.625,99.0,V5480001,2023-12-30
Le Rhône_99.0,Le Rhône_61.0,3231.292,99.0,V5480001,2023-12-09
Le Rhône_99.0,Le Rhône_61.0,2745.729,99.0,V5480001,2023-11-01
Le Rhône_99.0,Le Rhône_61.0,2611.833,99.0,V5480001,2023-11-02
Le Rhône_99.0,Le Rhône_61.0,3203.771,99.0,V5480001,2023-11-20
Le Rhône_99.0,Le Rhône_61.0,3633.562,99.0,V5480001,2023-12-11
Le Rhône_99.0,Le Rhône_61.0,1971.708,99.0,V5480001,2023-11-28
Le Rhône_99.0,Le Rhône_61.0,3409.896,99.0,V5480001,2023-11-19
Le Rhône_99.0,Le Rhône_61.0,4885.646,99.0,V5480001,2023-12-13
Le Rhône_61.0,La mer Méditerranée,1930.977,61.0,V7200010,2023-11-29
Le Rhône_61.0,La mer Méditerranée,4277.004,61.0,V7200010,2023-11-17
Le Rhône_61.0,La mer Méditerranée,3217.93,61.0,V7200010,2023-12-01
Le Rhône_61.0,La mer Méditerranée,2537.747,61.0,V7200010,2023-11-10
Le Rhône_61.0,La mer Méditerranée,2210.088,61.0,V7200010,2023-12-29
Le Rhône_61.0,La mer Méditerranée,4773.657,61.0,V7200010,2023-12-12
Le Rhône_61.0,La mer Méditerranée,3948.726,61.0,V7200010,2023-12-20
Le Rhône_61.0,La mer Méditerranée,2620.105,61.0,V7200010,2023-12-26
Le Rhône_61.0,La mer Méditerranée,4302.365,61.0,V7200010,2023-12-05
Le Rhône_61.0,La mer Méditerranée,3227.502,61.0,V7200010,2023-11-23
Le Rhône_61.0,La mer Méditerranée,4881.643,61.0,V7200010,2023-12-02
Le Rhône_61.0,La mer Méditerranée,2610.88,61.0,V7200010,2023-11-11
Le Rhône_61.0,La mer Méditerranée,3424.695,61.0,V7200010,2023-11-05
Le Rhône_61.0,La mer Méditerranée,5609.088,61.0,V7200010,2023-12-14
Le Rhône_61.0,La mer Méditerranée,1861.608,61.0,V7200010,2023-12-31
Le Rhône_61.0,La mer Méditerranée,2337.042,61.0,V7200010,2023-11-26
Le Rhône_61.0,La mer Méditerranée,3301.7,61.0,V7200010,2023-12-22
Le Rhône_61.0,La mer Méditerranée,3308.266,61.0,V7200010,2023-11-07
Le Rhône_61.0,La mer Méditerranée,5433.5,61.0,V7200010,2023-12-03
Le Rhône_61.0,La mer Méditerranée,2711.882,61.0,V7200010,2023-11-25
Le Rhône_61.0,La mer Méditerranée,4040.484,61.0,V7200010,2023-12-11
Le Rhône_61.0,La mer Méditerranée,2931.053,61.0,V7200010,2023-11-08
Le Rhône_61.0,La mer Méditerranée,3319.505,61.0,V7200010,2023-12-23
Le Rhône_61.0,La mer Méditerranée,3695.158,61.0,V7200010,2023-11-19
Le Rhône_61.0,La mer Méditerranée,3008.198,61.0,V7200010,2023-11-01
Le Rhône_61.0,La mer Méditerranée,3564.264,61.0,V7200010,2023-12-21
Le Rhône_61.0,La mer Méditerranée,4929.631,61.0,V7200010,2023-12-04
Le Rhône_61.0,La mer Méditerranée,3577.844,61.0,V7200010,2023-12-10
Le Rhône_61.0,La mer Méditerranée,2714.991,61.0,V7200010,2023-12-25
Le Rhône_61.0,La mer Méditerranée,4035.195,61.0,V7200010,2023-11-18
Le Rhône_61.0,La mer Méditerranée,2601.622,61.0,V7200010,2023-11-09
Le Rhône_61.0,La mer Méditerranée,2888.701,61.0,V7200010,2023-11-24
Le Rhône_61.0,La mer Méditerranée,3753.552,61.0,V7200010,2023-11-06
Le Rhône_61.0,La mer Méditerranée,2759.08,61.0,V7200010,2023-11-12
Le Rhône_61.0,La mer Méditerranée,4311.124,61.0,V7200010,2023-12-19
Le Rhône_61.0,La mer Méditerranée,3967.54,61.0,V7200010,2023-12-06
Le Rhône_61.0,La mer Méditerranée,3401.635,61.0,V7200010,2023-11-03
Le Rhône_61.0,La mer Méditerranée,3259.715,61.0,V7200010,2023-11-14
Le Rhône_61.0,La mer Méditerranée,3132.56,61.0,V7200010,2023-12-24
Le Rhône_61.0,La mer Méditerranée,2827.949,61.0,V7200010,2023-11-13
Le Rhône_61.0,La mer Méditerranée,5638.344,61.0,V7200010,2023-12-15
Le Rhône_61.0,La mer Méditerranée,4869.624,61.0,V7200010,2023-12-17
Le Rhône_61.0,La mer Méditerranée,3800.302,61.0,V7200010,2023-12-09
Le Rhône_61.0,La mer Méditerranée,4568.924,61.0,V7200010,2023-11-16
Le Rhône_61.0,La mer Méditerranée,3560.777,61.0,V7200010,2023-11-04
Le Rhône_61.0,La mer Méditerranée,3606.099,61.0,V7200010,2023-11-21
Le Rhône_61.0,La mer Méditerranée,2885.822,61.0,V7200010,2023-11-02
Le Rhône_61.0,La mer Méditerranée,3806.757,61.0,V7200010,2023-12-07
Le Rhône_61.0,La mer Méditerranée,2067.407,61.0,V7200010,2023-12-30
Le Rhône_61.0,La mer Méditerranée,2550.378,61.0,V7200010,2023-12-28
Le Rhône_61.0,La mer Méditerranée,5254.773,61.0,V7200010,2023-12-16
Le Rhône_61.0,La mer Méditerranée,3454.363,61.0,V7200010,2023-11-20
Le Rhône_61.0,La mer Méditerranée,2144.847,61.0,V7200010,2023-11-30
Le Rhône_61.0,La mer Méditerranée,5310.509,61.0,V7200010,2023-12-13
Le Rhône_61.0,La mer Méditerranée,3378.839,61.0,V7200010,2023-11-22
Le Rhône_61.0,La mer Méditerranée,3563.361,61.0,V7200010,2023-12-08
Le Rhône_61.0,La mer Méditerranée,2016.417,61.0,V7200010,2023-11-27
Le Rhône_61.0,La mer Méditerranée,3913.328,61.0,V7200010,2023-11-15
Le Rhône_61.0,La mer Méditerranée,2650.053,61.0,V7200010,2023-12-27
Le Rhône_61.0,La mer Méditerranée,2018.365,61.0,V7200010,2023-11-28
Le Rhône_61.0,La mer Méditerranée,4454.978,61.0,V7200010,2023-12-18
Le Rhône_521.0,Le Rhône_493.0,962.192,521.0,V1000010,2023-11-15
Le Rhône_521.0,Le Rhône_493.0,527.822,521.0,V1000010,2023-11-09
Le Rhône_521.0,Le Rhône_493.0,902.026,521.0,V1000010,2023-12-11
Le Rhône_521.0,Le Rhône_493.0,688.346,521.0,V1000010,2023-12-09
Le Rhône_521.0,Le Rhône_493.0,950.952,521.0,V1000010,2023-12-14
Le Rhône_521.0,Le Rhône_493.0,297.85,521.0,V1000010,2023-12-24
Le Rhône_521.0,Le Rhône_493.0,694.734,521.0,V1000010,2023-11-21
Le Rhône_521.0,Le Rhône_493.0,782.244,521.0,V1000010,2023-12-16
Le Rhône_521.0,Le Rhône_493.0,830.4,521.0,V1000010,2023-12-15
Le Rhône_521.0,Le Rhône_493.0,460.173,521.0,V1000010,2023-12-04
Le Rhône_521.0,Le Rhône_493.0,523.039,521.0,V1000010,2023-12-23
Le Rhône_521.0,Le Rhône_493.0,355.576,521.0,V1000010,2023-11-25
Le Rhône_521.0,Le Rhône_493.0,652.519,521.0,V1000010,2023-11-08
Le Rhône_521.0,Le Rhône_493.0,870.025,521.0,V1000010,2023-11-16
Le Rhône_521.0,Le Rhône_493.0,615.483,521.0,V1000010,2023-11-24
Le Rhône_521.0,Le Rhône_493.0,685.676,521.0,V1000010,2023-12-22
Le Rhône_521.0,Le Rhône_493.0,874.999,521.0,V1000010,2023-11-14
Le Rhône_521.0,Le Rhône_493.0,545.892,521.0,V1000010,2023-11-12
Le Rhône_521.0,Le Rhône_493.0,547.514,521.0,V1000010,2023-11-23
Le Rhône_521.0,Le Rhône_493.0,706.53,521.0,V1000010,2023-12-19
Le Rhône_521.0,Le Rhône_493.0,998.873,521.0,V1000010,2023-12-13
Le Rhône_521.0,Le Rhône_493.0,740.543,521.0,V1000010,2023-11-20
Le Rhône_521.0,Le Rhône_493.0,692.278,521.0,V1000010,2023-12-20
Le Rhône_521.0,Le Rhône_493.0,728.29,521.0,V1000010,2023-12-18
Le Rhône_521.0,Le Rhône_493.0,668.177,521.0,V1000010,2023-12-07
Le Rhône_521.0,Le Rhône_493.0,536.807,521.0,V1000010,2023-11-11
Le Rhône_521.0,Le Rhône_493.0,548.608,521.0,V1000010,2023-12-06
Le Rhône_521.0,Le Rhône_493.0,744.745,521.0,V1000010,2023-12-10
Le Rhône_521.0,Le Rhône_493.0,653.477,521.0,V1000010,2023-11-13
Le Rhône_521.0,Le Rhône_493.0,662.406,521.0,V1000010,2023-12-21
Le Rhône_521.0,Le Rhône_493.0,1062.514,521.0,V1000010,2023-12-12
Le Rhône_521.0,Le Rhône_493.0,531.552,521.0,V1000010,2023-11-10
Le Rhône_521.0,Le Rhône_493.0,757.045,521.0,V1000010,2023-12-17
Le Rhône_521.0,Le Rhône_493.0,658.353,521.0,V1000010,2023-11-22
Le Rhône_521.0,Le Rhône_493.0,750.369,521.0,V1000010,2023-11-18
Le Rhône_521.0,Le Rhône_493.0,560.026,521.0,V1000010,2023-12-05
Le Rhône_521.0,Le Rhône_493.0,804.954,521.0,V1000010,2023-11-17
Le Rhône_521.0,Le Rhône_493.0,672.982,521.0,V1000010,2023-12-08
Le Rhône_521.0,Le Rhône_493.0,457.767,521.0,V1000010,2023-11-29
Le Rhône_521.0,Le Rhône_493.0,725.821,521.0,V1000010,2023-11-19
Le Rhône_521.0,Le Rhône_493.0,263.397,521.0,V1000010,2023-12-29
Le Rhône_521.0,Le Rhône_493.0,741.887,521.0,V1000010,2023-12-03
Le Rhône_521.0,Le Rhône_493.0,278.328,521.0,V1000010,2023-11-26
Le Rhône_521.0,Le Rhône_493.0,280.19,521.0,V1000010,2023-12-25
Le Rhône_521.0,Le Rhône_493.0,173.237,521.0,V1000010,2023-12-31
Le Rhône_521.0,Le Rhône_493.0,552.47,521.0,V1000010,2023-11-30
Le Rhône_521.0,Le Rhône_493.0,266.854,521.0,V1000010,2023-12-28
Le Rhône_521.0,Le Rhône_493.0,532.33,521.0,V1000010,2023-11-06
Le Rhône_521.0,Le Rhône_493.0,502.159,521.0,V1000010,2023-11-03
Le Rhône_521.0,Le Rhône_493.0,327.842,521.0,V1000010,2023-12-26
Le Rhône_521.0,Le Rhône_493.0,477.76,521.0,V1000010,2023-11-28
Le Rhône_521.0,Le Rhône_493.0,578.77,521.0,V1000010,2023-11-02
Le Rhône_521.0,Le Rhône_493.0,957.433,521.0,V1000010,2023-12-01
Le Rhône_521.0,Le Rhône_493.0,441.517,521.0,V1000010,2023-11-27
Le Rhône_521.0,Le Rhône_493.0,859.84,521.0,V1000010,2023-12-02
Le Rhône_521.0,Le Rhône_493.0,261.692,521.0,V1000010,2023-12-27
Le Rhône_521.0,Le Rhône_493.0,268.681,521.0,V1000010,2023-12-30
Le Rhône_521.0,Le Rhône_493.0,478.711,521.0,V1000010,2023-11-04
Le Rhône_521.0,Le Rhône_493.0,504.481,521.0,V1000010,2023-11-05
Le Rhône_521.0,Le Rhône_493.0,468.339,521.0,V1000010,2023-11-01
Le Rhône_521.0,Le Rhône_493.0,611.206,521.0,V1000010,2023-11-07
Le Rhône_493.0,Le Rhône_481.0,644.067,493.0,V1020020,2023-11-12
Le Rhône_493.0,Le Rhône_481.0,631.176,493.0,V1020020,2023-11-11
Le Rhône_493.0,Le Rhône_481.0,592.467,493.0,V1020020,2023-11-30
Le Rhône_493.0,Le Rhône_481.0,691.218,493.0,V1020020,2023-12-07
Le Rhône_493.0,Le Rhône_481.0,468.539,493.0,V1020020,2023-11-25
Le Rhône_493.0,Le Rhône_481.0,609.751,493.0,V1020020,2023-11-03
Le Rhône_493.0,Le Rhône_481.0,758.775,493.0,V1020020,2023-12-18
Le Rhône_493.0,Le Rhône_481.0,641.054,493.0,V1020020,2023-11-24
Le Rhône_493.0,Le Rhône_481.0,634.362,493.0,V1020020,2023-11-06
Le Rhône_493.0,Le Rhône_481.0,1039.018,493.0,V1020020,2023-12-14
Le Rhône_493.0,Le Rhône_481.0,839.52,493.0,V1020020,2023-11-17
Le Rhône_493.0,Le Rhône_481.0,297.893,493.0,V1020020,2023-12-29
Le Rhône_493.0,Le Rhône_481.0,962.142,493.0,V1020020,2023-12-11
Le Rhône_493.0,Le Rhône_481.0,625.841,493.0,V1020020,2023-11-10
Le Rhône_493.0,Le Rhône_481.0,665.891,493.0,V1020020,2023-12-06
Le Rhône_493.0,Le Rhône_481.0,888.173,493.0,V1020020,2023-12-15
Le Rhône_493.0,Le Rhône_481.0,960.205,493.0,V1020020,2023-12-01
Le Rhône_493.0,Le Rhône_481.0,718.352,493.0,V1020020,2023-12-20
Le Rhône_493.0,Le Rhône_481.0,373.764,493.0,V1020020,2023-12-26
Le Rhône_493.0,Le Rhône_481.0,722.904,493.0,V1020020,2023-11-21
Le Rhône_493.0,Le Rhône_481.0,728.354,493.0,V1020020,2023-12-21
Le Rhône_493.0,Le Rhône_481.0,635.655,493.0,V1020020,2023-11-07
Le Rhône_493.0,Le Rhône_481.0,542.522,493.0,V1020020,2023-12-05
Le Rhône_493.0,Le Rhône_481.0,498.054,493.0,V1020020,2023-11-28
Le Rhône_493.0,Le Rhône_481.0,1107.436,493.0,V1020020,2023-12-13
Le Rhône_493.0,Le Rhône_481.0,718.449,493.0,V1020020,2023-12-08
Le Rhône_493.0,Le Rhône_481.0,519.068,493.0,V1020020,2023-11-27
Le Rhône_493.0,Le Rhône_481.0,625.15,493.0,V1020020,2023-11-02
Le Rhône_493.0,Le Rhône_481.0,405.842,493.0,V1020020,2023-12-24
Le Rhône_493.0,Le Rhône_481.0,935.112,493.0,V1020020,2023-12-02
Le Rhône_493.0,Le Rhône_481.0,771.655,493.0,V1020020,2023-11-20
Le Rhône_493.0,Le Rhône_481.0,922.843,493.0,V1020020,2023-11-14
Le Rhône_493.0,Le Rhône_481.0,920.861,493.0,V1020020,2023-11-16
Le Rhône_493.0,Le Rhône_481.0,342.306,493.0,V1020020,2023-12-25
Le Rhône_493.0,Le Rhône_481.0,780.708,493.0,V1020020,2023-12-03
Le Rhône_493.0,Le Rhône_481.0,582.079,493.0,V1020020,2023-11-01
Le Rhône_493.0,Le Rhône_481.0,790.069,493.0,V1020020,2023-12-17
Le Rhône_493.0,Le Rhône_481.0,590.91,493.0,V1020020,2023-11-05
Le Rhône_493.0,Le Rhône_481.0,822.52,493.0,V1020020,2023-12-16
Le Rhône_493.0,Le Rhône_481.0,592.635,493.0,V1020020,2023-11-04
Le Rhône_493.0,Le Rhône_481.0,636.099,493.0,V1020020,2023-12-23
Le Rhône_493.0,Le Rhône_481.0,688.806,493.0,V1020020,2023-11-22
Le Rhône_493.0,Le Rhône_481.0,781.232,493.0,V1020020,2023-11-18
Le Rhône_493.0,Le Rhône_481.0,651.096,493.0,V1020020,2023-11-08
Le Rhône_493.0,Le Rhône_481.0,618.684,493.0,V1020020,2023-12-04
Le Rhône_493.0,Le Rhône_481.0,571.203,493.0,V1020020,2023-11-23
Le Rhône_493.0,Le Rhône_481.0,753.727,493.0,V1020020,2023-11-19
Le Rhône_493.0,Le Rhône_481.0,717.106,493.0,V1020020,2023-12-09
Le Rhône_493.0,Le Rhône_481.0,733.561,493.0,V1020020,2023-12-19
Le Rhône_493.0,Le Rhône_481.0,546.49,493.0,V1020020,2023-11-29
Le Rhône_493.0,Le Rhône_481.0,207.586,493.0,V1020020,2023-12-31
Le Rhône_493.0,Le Rhône_481.0,735.06,493.0,V1020020,2023-12-22
Le Rhône_493.0,Le Rhône_481.0,309.766,493.0,V1020020,2023-12-28
Le Rhône_493.0,Le Rhône_481.0,354.905,493.0,V1020020,2023-12-27
Le Rhône_493.0,Le Rhône_481.0,1051.535,493.0,V1020020,2023-11-15
Le Rhône_493.0,Le Rhône_481.0,343.528,493.0,V1020020,2023-11-26
Le Rhône_493.0,Le Rhône_481.0,1185.743,493.0,V1020020,2023-12-12
Le Rhône_493.0,Le Rhône_481.0,749.068,493.0,V1020020,2023-11-13
Le Rhône_493.0,Le Rhône_481.0,618.394,493.0,V1020020,2023-11-09
Le Rhône_493.0,Le Rhône_481.0,814.293,493.0,V1020020,2023-12-10
Le Rhône_493.0,Le Rhône_481.0,372.591,493.0,V1020020,2023-12-30
Le Rhône_481.0,Le Rhône_389.0,776.25,481.0,V1264022,2023-12-19
Le Rhône_481.0,Le Rhône_389.0,729.677,481.0,V1264022,2023-12-06
Le Rhône_481.0,Le Rhône_389.0,1244.581,481.0,V1264022,2023-11-14
Le Rhône_481.0,Le Rhône_389.0,807.975,481.0,V1264022,2023-12-09
Le Rhône_481.0,Le Rhône_389.0,300.333,481.0,V1264024,2023-12-29
Le Rhône_481.0,Le Rhône_389.0,807.074,481.0,V1264022,2023-12-18
Le Rhône_481.0,Le Rhône_389.0,815.88,481.0,V1264022,2023-11-12
Le Rhône_481.0,Le Rhône_389.0,1001.938,481.0,V1264022,2023-11-13
Le Rhône_481.0,Le Rhône_389.0,856.282,481.0,V1264022,2023-12-17
Le Rhône_481.0,Le Rhône_389.0,706.47,481.0,V1264022,2023-11-22
Le Rhône_481.0,Le Rhône_389.0,791.405,481.0,V1264022,2023-11-04
Le Rhône_481.0,Le Rhône_389.0,921.252,481.0,V1264022,2023-12-16
Le Rhône_481.0,Le Rhône_389.0,749.342,481.0,V1264022,2023-11-21
Le Rhône_481.0,Le Rhône_389.0,859.602,481.0,V1264022,2023-11-03
Le Rhône_481.0,Le Rhône_389.0,1379.598,481.0,V1264022,2023-11-15
Le Rhône_481.0,Le Rhône_389.0,518.062,481.0,V1264024,2023-11-28
Le Rhône_481.0,Le Rhône_389.0,321.771,481.0,V1264024,2023-12-28
Le Rhône_481.0,Le Rhône_389.0,1468.104,481.0,V1264022,2023-12-01
Le Rhône_481.0,Le Rhône_389.0,781.109,481.0,V1264022,2023-12-08
Le Rhône_481.0,Le Rhône_389.0,1049.448,481.0,V1264022,2023-12-15
Le Rhône_481.0,Le Rhône_389.0,499.167,481.0,V1264024,2023-11-27
Le Rhône_481.0,Le Rhône_389.0,371.604,481.0,V1264024,2023-12-27
Le Rhône_481.0,Le Rhône_389.0,718.612,481.0,V1264022,2023-12-07
Le Rhône_481.0,Le Rhône_389.0,756.233,481.0,V1264022,2023-12-20
Le Rhône_481.0,Le Rhône_389.0,573.913,481.0,V1264022,2023-11-23
Le Rhône_481.0,Le Rhône_389.0,726.569,481.0,V1264022,2023-11-10
Le Rhône_481.0,Le Rhône_389.0,951.543,481.0,V1264022,2023-11-17
Le Rhône_481.0,Le Rhône_389.0,896.024,481.0,V1264022,2023-12-03
Le Rhône_481.0,Le Rhône_389.0,817.123,481.0,V1264022,2023-11-06
Le Rhône_481.0,Le Rhône_389.0,813.037,481.0,V1264022,2023-11-30
Le Rhône_481.0,Le Rhône_389.0,621.02,481.0,V1264022,2023-11-24
Le Rhône_481.0,Le Rhône_389.0,839.718,481.0,V1264022,2023-12-22
Le Rhône_481.0,Le Rhône_389.0,1091.247,481.0,V1264022,2023-11-16
Le Rhône_481.0,Le Rhône_389.0,1505.04,481.0,V1264022,2023-12-12
Le Rhône_481.0,Le Rhône_389.0,349.229,481.0,V1264024,2023-11-26
Le Rhône_481.0,Le Rhône_389.0,667.688,481.0,V1264022,2023-11-09
Le Rhône_481.0,Le Rhône_389.0,1058.636,481.0,V1264022,2023-12-10
Le Rhône_481.0,Le Rhône_389.0,350.8,481.0,V1264022,2023-12-25
Le Rhône_481.0,Le Rhône_389.0,156.13,481.0,V1264022,2023-12-31
Le Rhône_481.0,Le Rhône_389.0,556.667,481.0,V1264024,2023-11-29
Le Rhône_481.0,Le Rhône_389.0,707.601,481.0,V1264022,2023-12-04
Le Rhône_481.0,Le Rhône_389.0,852.549,481.0,V1264022,2023-11-18
Le Rhône_481.0,Le Rhône_389.0,726.406,481.0,V1264022,2023-12-23
Le Rhône_481.0,Le Rhône_389.0,669.423,481.0,V1264022,2023-11-01
Le Rhône_481.0,Le Rhône_389.0,693.908,481.0,V1264022,2023-11-08
Le Rhône_481.0,Le Rhône_389.0,820.968,481.0,V1264022,2023-11-20
Le Rhône_481.0,Le Rhône_389.0,1199.383,481.0,V1264022,2023-12-02
Le Rhône_481.0,Le Rhône_389.0,437.006,481.0,V1264022,2023-12-24
Le Rhône_481.0,Le Rhône_389.0,949.323,481.0,V1264022,2023-11-05
Le Rhône_481.0,Le Rhône_389.0,376.896,481.0,V1264024,2023-12-30
Le Rhône_481.0,Le Rhône_389.0,1298.446,481.0,V1264022,2023-12-14
Le Rhône_481.0,Le Rhône_389.0,776.704,481.0,V1264022,2023-11-11
Le Rhône_481.0,Le Rhône_389.0,805.76,481.0,V1264022,2023-11-19
Le Rhône_481.0,Le Rhône_389.0,744.071,481.0,V1264022,2023-11-07
Le Rhône_481.0,Le Rhône_389.0,442.148,481.0,V1264022,2023-11-25
Le Rhône_481.0,Le Rhône_389.0,830.417,481.0,V1264024,2023-11-02
Le Rhône_481.0,Le Rhône_389.0,1246.735,481.0,V1264022,2023-12-11
Le Rhône_481.0,Le Rhône_389.0,1557.015,481.0,V1264022,2023-12-13
Le Rhône_481.0,Le Rhône_389.0,644.32,481.0,V1264022,2023-12-05
Le Rhône_481.0,Le Rhône_389.0,372.211,481.0,V1264022,2023-12-26
Le Rhône_481.0,Le Rhône_389.0,752.284,481.0,V1264022,2023-12-21
Le Rhône_389.0,Le Rhône_217.0,1523.97,389.0,V1630020,2023-12-16
Le Rhône_389.0,Le Rhône_217.0,412.054,389.0,V1630020,2023-12-29
Le Rhône_389.0,Le Rhône_217.0,1237.189,389.0,V1630020,2023-11-03
Le Rhône_389.0,Le Rhône_217.0,1055.259,389.0,V1630020,2023-12-08
Le Rhône_389.0,Le Rhône_217.0,1055.685,389.0,V1630020,2023-11-19
Le Rhône_389.0,Le Rhône_217.0,929.192,389.0,V1630020,2023-11-01
Le Rhône_389.0,Le Rhône_217.0,1349.646,389.0,V1630020,2023-12-11
Le Rhône_389.0,Le Rhône_217.0,926.616,389.0,V1630020,2023-11-21
Le Rhône_389.0,Le Rhône_217.0,1568.368,389.0,V1630020,2023-12-12
Le Rhône_389.0,Le Rhône_217.0,1167.982,389.0,V1630020,2023-11-18
Le Rhône_389.0,Le Rhône_217.0,1647.033,389.0,V1630020,2023-12-13
Le Rhône_389.0,Le Rhône_217.0,1489.616,389.0,V1630020,2023-11-16
Le Rhône_389.0,Le Rhône_217.0,490.021,389.0,V1630020,2023-12-30
Le Rhône_389.0,Le Rhône_217.0,1677.083,389.0,V1630020,2023-12-14
Le Rhône_389.0,Le Rhône_217.0,1093.642,389.0,V1630020,2023-12-09
Le Rhône_389.0,Le Rhône_217.0,938.475,389.0,V1630020,2023-11-02
Le Rhône_389.0,Le Rhône_217.0,616.022,389.0,V1630020,2023-11-28
Le Rhône_389.0,Le Rhône_217.0,1047.837,389.0,V1630020,2023-11-20
Le Rhône_389.0,Le Rhône_217.0,332.589,389.0,V1630020,2023-12-31
Le Rhône_389.0,Le Rhône_217.0,1637.042,389.0,V1630020,2023-12-15
Le Rhône_389.0,Le Rhône_217.0,824.3,389.0,V1630020,2023-11-30
Le Rhône_389.0,Le Rhône_217.0,1323.6,389.0,V1630020,2023-11-17
Le Rhône_389.0,Le Rhône_217.0,686.128,389.0,V1630020,2023-11-29
Le Rhône_389.0,Le Rhône_217.0,1485.539,389.0,V1630020,2023-11-15
Le Rhône_389.0,Le Rhône_217.0,1282.087,389.0,V1630020,2023-12-10
Le Rhône_389.0,Le Rhône_217.0,1180.546,389.0,V1630020,2023-11-13
Le Rhône_389.0,Le Rhône_217.0,985.768,389.0,V1630020,2023-12-21
Le Rhône_389.0,Le Rhône_217.0,890.479,389.0,V1630020,2023-11-09
Le Rhône_389.0,Le Rhône_217.0,898.625,389.0,V1630020,2023-11-22
Le Rhône_389.0,Le Rhône_217.0,1241.546,389.0,V1630020,2023-12-04
Le Rhône_389.0,Le Rhône_217.0,1168.116,389.0,V1630020,2023-12-18
Le Rhône_389.0,Le Rhône_217.0,591.87,389.0,V1630020,2023-12-25
Le Rhône_389.0,Le Rhône_217.0,611.714,389.0,V1630020,2023-11-27
Le Rhône_389.0,Le Rhône_217.0,1045.232,389.0,V1630020,2023-12-22
Le Rhône_389.0,Le Rhône_217.0,519.167,389.0,V1630020,2023-12-27
Le Rhône_389.0,Le Rhône_217.0,453.662,389.0,V1630020,2023-11-26
Le Rhône_389.0,Le Rhône_217.0,981.266,389.0,V1630020,2023-11-12
Le Rhône_389.0,Le Rhône_217.0,1007.162,389.0,V1630020,2023-12-06
Le Rhône_389.0,Le Rhône_217.0,766.994,389.0,V1630020,2023-11-24
Le Rhône_389.0,Le Rhône_217.0,1067.812,389.0,V1630020,2023-12-19
Le Rhône_389.0,Le Rhône_217.0,1185.118,389.0,V1630020,2023-11-06
Le Rhône_389.0,Le Rhône_217.0,758.061,389.0,V1630020,2023-11-23
Le Rhône_389.0,Le Rhône_217.0,1207.437,389.0,V1630020,2023-11-05
Le Rhône_389.0,Le Rhône_217.0,925.108,389.0,V1630020,2023-11-10
Le Rhône_389.0,Le Rhône_217.0,1027.626,389.0,V1630020,2023-11-11
Le Rhône_389.0,Le Rhône_217.0,995.989,389.0,V1630020,2023-12-05
Le Rhône_389.0,Le Rhône_217.0,559.442,389.0,V1630020,2023-12-26
Le Rhône_389.0,Le Rhône_217.0,997.179,389.0,V1630020,2023-12-20
Le Rhône_389.0,Le Rhône_217.0,1119.248,389.0,V1630020,2023-12-23
Le Rhône_389.0,Le Rhône_217.0,1640.564,389.0,V1630020,2023-12-02
Le Rhône_389.0,Le Rhône_217.0,1014.446,389.0,V1630020,2023-11-07
Le Rhône_389.0,Le Rhône_217.0,1572.008,389.0,V1630020,2023-12-03
Le Rhône_389.0,Le Rhône_217.0,601.476,389.0,V1630020,2023-11-25
Le Rhône_389.0,Le Rhône_217.0,1020.652,389.0,V1630020,2023-12-07
Le Rhône_389.0,Le Rhône_217.0,897.857,389.0,V1630020,2023-11-08
Le Rhône_389.0,Le Rhône_217.0,1448.977,389.0,V1630020,2023-12-01
Le Rhône_389.0,Le Rhône_217.0,1360.133,389.0,V1630020,2023-12-17
Le Rhône_389.0,Le Rhône_217.0,456.127,389.0,V1630020,2023-12-28
Le Rhône_389.0,Le Rhône_217.0,1067.786,389.0,V1630020,2023-11-04
Le Rhône_389.0,Le Rhône_217.0,737.351,389.0,V1630020,2023-12-24
Le Rhône_389.0,Le Rhône_217.0,1303.421,389.0,V1630020,2023-11-14
Le Rhône_217.0,Le Rhône_99.0,2679.333,217.0,V4010010,2023-11-07
Le Rhône_217.0,Le Rhône_99.0,2020.917,217.0,V4010010,2023-11-10
Le Rhône_217.0,Le Rhône_99.0,3339.917,217.0,V4010010,2023-11-20
Le Rhône_217.0,Le Rhône_99.0,3527.979,217.0,V4010010,2023-12-05
Le Rhône_217.0,Le Rhône_99.0,4755.167,217.0,V4010010,2023-12-02
Le Rhône_217.0,Le Rhône_99.0,2482.604,217.0,V4010010,2023-11-25
Le Rhône_217.0,Le Rhône_99.0,3333.583,217.0,V4010010,2023-12-21
Le Rhône_217.0,Le Rhône_99.0,3925.812,217.0,V4010010,2023-11-17
Le Rhône_217.0,Le Rhône_99.0,2571.75,217.0,V4010010,2023-12-26
Le Rhône_217.0,Le Rhône_99.0,3681.25,217.0,V4010010,2023-11-18
Le Rhône_217.0,Le Rhône_99.0,3850.292,217.0,V4010010,2023-12-11
Le Rhône_217.0,Le Rhône_99.0,2831.208,217.0,V4010010,2023-11-24
Le Rhône_217.0,Le Rhône_99.0,2072.979,217.0,V4010010,2023-11-09
Le Rhône_217.0,Le Rhône_99.0,4007.25,217.0,V4010010,2023-12-04
Le Rhône_217.0,Le Rhône_99.0,3259.583,217.0,V4010010,2023-12-23
Le Rhône_217.0,Le Rhône_99.0,3251.271,217.0,V4010010,2023-12-10
Le Rhône_217.0,Le Rhône_99.0,2509.812,217.0,V4010010,2023-11-01
Le Rhône_217.0,Le Rhône_99.0,2703.938,217.0,V4010010,2023-12-25
Le Rhône_217.0,Le Rhône_99.0,5033.312,217.0,V4010010,2023-12-13
Le Rhône_217.0,Le Rhône_99.0,3244.042,217.0,V4010010,2023-12-22
Le Rhône_217.0,Le Rhône_99.0,1594.25,217.0,V4010010,2023-12-31
Le Rhône_217.0,Le Rhône_99.0,3416.292,217.0,V4010010,2023-11-19
Le Rhône_217.0,Le Rhône_99.0,4606.25,217.0,V4010010,2023-12-12
Le Rhône_217.0,Le Rhône_99.0,2321.167,217.0,V4010010,2023-11-08
Le Rhône_217.0,Le Rhône_99.0,1986.688,217.0,V4010010,2023-11-26
Le Rhône_217.0,Le Rhône_99.0,1825.646,217.0,V4010010,2023-11-29
Le Rhône_217.0,Le Rhône_99.0,3046.604,217.0,V4010010,2023-11-06
Le Rhône_217.0,Le Rhône_99.0,3312.667,217.0,V4010010,2023-11-14
Le Rhône_217.0,Le Rhône_99.0,2407.396,217.0,V4010010,2023-11-02
Le Rhône_217.0,Le Rhône_99.0,3662.792,217.0,V4010010,2023-12-20
Le Rhône_217.0,Le Rhône_99.0,2675.896,217.0,V4010010,2023-11-13
Le Rhône_217.0,Le Rhône_99.0,2220.146,217.0,V4010010,2023-11-30
Le Rhône_217.0,Le Rhône_99.0,4018.875,217.0,V4010010,2023-12-18
Le Rhône_217.0,Le Rhône_99.0,5123.583,217.0,V4010010,2023-12-15
Le Rhône_217.0,Le Rhône_99.0,1751.333,217.0,V4010010,2023-11-27
Le Rhône_217.0,Le Rhône_99.0,4224.104,217.0,V4010010,2023-11-15
Le Rhône_217.0,Le Rhône_99.0,3218.979,217.0,V4010010,2023-11-22
Le Rhône_217.0,Le Rhône_99.0,2976.333,217.0,V4010010,2023-11-04
Le Rhône_217.0,Le Rhône_99.0,2967.625,217.0,V4010010,2023-12-24
Le Rhône_217.0,Le Rhône_99.0,4350.979,217.0,V4010010,2023-12-17
Le Rhône_217.0,Le Rhône_99.0,3350.542,217.0,V4010010,2023-12-06
Le Rhône_217.0,Le Rhône_99.0,3429.396,217.0,V4010010,2023-11-21
Le Rhône_217.0,Le Rhône_99.0,3089.562,217.0,V4010010,2023-11-03
Le Rhône_217.0,Le Rhône_99.0,1879.75,217.0,V4010010,2023-12-29
Le Rhône_217.0,Le Rhône_99.0,3785.604,217.0,V4010010,2023-12-01
Le Rhône_217.0,Le Rhône_99.0,3132.396,217.0,V4010010,2023-12-08
Le Rhône_217.0,Le Rhône_99.0,3207.917,217.0,V4010010,2023-12-07
Le Rhône_217.0,Le Rhône_99.0,4733.812,217.0,V4010010,2023-12-16
Le Rhône_217.0,Le Rhône_99.0,2203.375,217.0,V4010010,2023-12-28
Le Rhône_217.0,Le Rhône_99.0,2473.667,217.0,V4010010,2023-12-27
Le Rhône_217.0,Le Rhône_99.0,4504.583,217.0,V4010010,2023-12-03
Le Rhône_217.0,Le Rhône_99.0,2317.604,217.0,V4010010,2023-11-12
Le Rhône_217.0,Le Rhône_99.0,1765.604,217.0,V4010010,2023-11-28
Le Rhône_217.0,Le Rhône_99.0,1778.375,217.0,V4010010,2023-12-30
Le Rhône_217.0,Le Rhône_99.0,3127.875,217.0,V4010010,2023-12-09
Le Rhône_217.0,Le Rhône_99.0,2246.458,217.0,V4010010,2023-11-11
Le Rhône_217.0,Le Rhône_99.0,3028.188,217.0,V4010010,2023-11-05
Le Rhône_217.0,Le Rhône_99.0,4373.271,217.0,V4010010,2023-11-16
Le Rhône_217.0,Le Rhône_99.0,3794.479,217.0,V4010010,2023-12-19
Le Rhône_217.0,Le Rhône_99.0,3081.271,217.0,V4010010,2023-11-23
Le Rhône_217.0,Le Rhône_99.0,5382.062,217.0,V4010010,2023-12-14
La Saône_80.0,La Saône_5.0,811.375,412.0,U4300010,2023-11-30
La Saône_80.0,La Saône_5.0,1178.672,412.0,U4300010,2023-11-24
La Saône_80.0,La Saône_5.0,589.653,412.0,U4300010,2023-11-28
La Saône_80.0,La Saône_5.0,880.278,412.0,U4300010,2023-12-08
La Saône_80.0,La Saône_5.0,1011.555,412.0,U4300010,2023-12-06
La Saône_80.0,La Saône_5.0,1439.89,412.0,U4300010,2023-11-22
La Saône_80.0,La Saône_5.0,963.065,412.0,U4300010,2023-11-25
La Saône_80.0,La Saône_5.0,1078.664,412.0,U4300010,2023-12-02
La Saône_80.0,La Saône_5.0,878.214,412.0,U4300010,2023-12-09
La Saône_80.0,La Saône_5.0,929.378,412.0,U4300010,2023-12-01
La Saône_80.0,La Saône_5.0,1502.507,412.0,U4300010,2023-11-19
La Saône_80.0,La Saône_5.0,1510.071,412.0,U4300010,2023-11-20
La Saône_80.0,La Saône_5.0,1185.336,412.0,U4300010,2023-12-03
La Saône_80.0,La Saône_5.0,1188.958,412.0,U4300010,2023-12-05
La Saône_80.0,La Saône_5.0,662.254,412.0,U4300010,2023-11-29
La Saône_80.0,La Saône_5.0,1488.065,412.0,U4300010,2023-11-21
La Saône_80.0,La Saône_5.0,915.156,412.0,U4300010,2023-12-10
La Saône_80.0,La Saône_5.0,631.351,412.0,U4300010,2023-11-27
La Saône_80.0,La Saône_5.0,1343.984,412.0,U4300010,2023-11-23
La Saône_80.0,La Saône_5.0,765.99,412.0,U4300010,2023-11-26
La Saône_80.0,La Saône_5.0,1233.911,412.0,U4300010,2023-12-04
La Saône_80.0,La Saône_5.0,896.464,412.0,U4300010,2023-12-07
La Saône_80.0,La Saône_5.0,676.584,412.0,U4300010,2023-11-01
La Saône_80.0,La Saône_5.0,1086.866,412.0,U4300010,2023-12-25
La Saône_80.0,La Saône_5.0,1329.29,412.0,U4300010,2023-12-13
La Saône_80.0,La Saône_5.0,1053.188,412.0,U4300010,2023-12-27
La Saône_80.0,La Saône_5.0,748.422,412.0,U4300010,2023-11-06
La Saône_80.0,La Saône_5.0,1099.792,412.0,U4300010,2023-12-26
La Saône_80.0,La Saône_5.0,1424.529,412.0,U4300010,2023-12-14
La Saône_80.0,La Saône_5.0,1287.479,412.0,U4300010,2023-11-16
La Saône_80.0,La Saône_5.0,835.797,412.0,U4300010,2023-11-13
La Saône_80.0,La Saône_5.0,731.185,412.0,U4300010,2023-11-07
La Saône_80.0,La Saône_5.0,1046.275,412.0,U4300010,2023-12-24
La Saône_80.0,La Saône_5.0,682.36,412.0,U4300010,2023-11-08
La Saône_80.0,La Saône_5.0,1018.065,412.0,U4300010,2023-12-23
La Saône_80.0,La Saône_5.0,1505.547,412.0,U4300010,2023-12-15
La Saône_80.0,La Saône_5.0,612.088,412.0,U4300010,2023-11-09
La Saône_80.0,La Saône_5.0,1141.875,412.0,U4300010,2023-11-15
La Saône_80.0,La Saône_5.0,1090.2,412.0,U4300010,2023-12-22
La Saône_80.0,La Saône_5.0,597.921,412.0,U4300010,2023-11-10
La Saône_80.0,La Saône_5.0,1575.159,412.0,U4300010,2023-12-16
La Saône_80.0,La Saône_5.0,938.76,412.0,U4300010,2023-11-14
La Saône_80.0,La Saône_5.0,1269.587,412.0,U4300010,2023-12-21
La Saône_80.0,La Saône_5.0,668.186,412.0,U4300010,2023-11-11
La Saône_80.0,La Saône_5.0,1454.653,412.0,U4300010,2023-12-20
La Saône_80.0,La Saône_5.0,753.851,412.0,U4300010,2023-11-12
La Saône_80.0,La Saône_5.0,1616.328,412.0,U4300010,2023-12-17
La Saône_80.0,La Saône_5.0,1568.754,412.0,U4300010,2023-12-19
La Saône_80.0,La Saône_5.0,1390.33,412.0,U4300010,2023-11-17
La Saône_80.0,La Saône_5.0,1613.33,412.0,U4300010,2023-12-18
La Saône_80.0,La Saône_5.0,1465.638,412.0,U4300010,2023-11-18
La Saône_80.0,La Saône_5.0,1021.371,412.0,U4300010,2023-12-11
La Saône_80.0,La Saône_5.0,656.759,412.0,U4300010,2023-12-30
La Saône_80.0,La Saône_5.0,746.254,412.0,U4300010,2023-11-03
La Saône_80.0,La Saône_5.0,707.72,412.0,U4300010,2023-11-02
La Saône_80.0,La Saône_5.0,799.103,412.0,U4300010,2023-12-29
La Saône_80.0,La Saône_5.0,777.174,412.0,U4300010,2023-11-04
La Saône_80.0,La Saône_5.0,588.593,412.0,U4300010,2023-12-31
La Saône_80.0,La Saône_5.0,1190.59,412.0,U4300010,2023-12-12
La Saône_80.0,La Saône_5.0,935.51,412.0,U4300010,2023-12-28
La Saône_80.0,La Saône_5.0,787.859,412.0,U4300010,2023-11-05
La Saône_5.0,Le Rhône_217.0,1080.312,337.0,V3000020,2023-11-23
La Saône_5.0,Le Rhône_217.0,1266.042,337.0,V3000020,2023-11-12
La Saône_5.0,Le Rhône_217.0,1309.583,337.0,V3000020,2023-11-19
La Saône_5.0,Le Rhône_217.0,1486.458,337.0,V3000020,2023-12-18
La Saône_5.0,Le Rhône_217.0,1306.042,337.0,V3000020,2023-12-07
La Saône_5.0,Le Rhône_217.0,770.875,337.0,V3000020,2023-12-30
La Saône_5.0,Le Rhône_217.0,1331.875,337.0,V3000020,2023-12-05
La Saône_5.0,Le Rhône_217.0,1119.792,337.0,V3000020,2023-11-10
La Saône_5.0,Le Rhône_217.0,1135.0,337.0,V3000020,2023-11-02
La Saône_5.0,Le Rhône_217.0,1261.667,337.0,V3000020,2023-12-21
La Saône_5.0,Le Rhône_217.0,1342.292,337.0,V3000020,2023-12-19
La Saône_5.0,Le Rhône_217.0,958.979,337.0,V3000020,2023-11-29
La Saône_5.0,Le Rhône_217.0,1300.0,337.0,V3000020,2023-12-06
La Saône_5.0,Le Rhône_217.0,1021.458,337.0,V3000020,2023-11-30
La Saône_5.0,Le Rhône_217.0,1288.333,337.0,V3000020,2023-11-11
La Saône_5.0,Le Rhône_217.0,1304.375,337.0,V3000020,2023-12-22
La Saône_5.0,Le Rhône_217.0,688.938,337.0,V3000020,2023-12-31
La Saône_5.0,Le Rhône_217.0,1305.625,337.0,V3000020,2023-12-20
La Saône_5.0,Le Rhône_217.0,1234.792,337.0,V3000020,2023-11-01
La Saône_5.0,Le Rhône_217.0,1072.5,337.0,V3000020,2023-11-09
La Saône_5.0,Le Rhône_217.0,2167.5,337.0,V3000020,2023-12-03
La Saône_5.0,Le Rhône_217.0,2219.583,337.0,V3000020,2023-12-02
La Saône_5.0,Le Rhône_217.0,1451.667,337.0,V3000020,2023-11-05
La Saône_5.0,Le Rhône_217.0,898.854,337.0,V3000020,2023-12-26
La Saône_5.0,Le Rhône_217.0,821.208,337.0,V3000020,2023-11-27
La Saône_5.0,Le Rhône_217.0,1471.25,337.0,V3000020,2023-11-06
La Saône_5.0,Le Rhône_217.0,761.875,337.0,V3000020,2023-12-28
La Saône_5.0,Le Rhône_217.0,972.104,337.0,V3000020,2023-12-25
La Saône_5.0,Le Rhône_217.0,756.167,337.0,V3000020,2023-11-26
La Saône_5.0,Le Rhône_217.0,1396.667,337.0,V3000020,2023-11-04
La Saône_5.0,Le Rhône_217.0,1645.625,337.0,V3000020,2023-12-01
La Saône_5.0,Le Rhône_217.0,858.146,337.0,V3000020,2023-11-28
La Saône_5.0,Le Rhône_217.0,1291.25,337.0,V3000020,2023-11-07
La Saône_5.0,Le Rhône_217.0,1145.333,337.0,V3000020,2023-12-24
La Saône_5.0,Le Rhône_217.0,644.104,337.0,V3000020,2023-12-29
La Saône_5.0,Le Rhône_217.0,924.792,337.0,V3000020,2023-11-25
La Saône_5.0,Le Rhône_217.0,1148.75,337.0,V3000020,2023-11-08
La Saône_5.0,Le Rhône_217.0,1430.208,337.0,V3000020,2023-12-23
La Saône_5.0,Le Rhône_217.0,1660.417,337.0,V3000020,2023-12-04
La Saône_5.0,Le Rhône_217.0,1478.125,337.0,V3000020,2023-11-03
La Saône_5.0,Le Rhône_217.0,862.604,337.0,V3000020,2023-12-27
La Saône_5.0,Le Rhône_217.0,1015.896,337.0,V3000020,2023-11-24
La Saône_5.0,Le Rhône_217.0,2057.083,337.0,V3000020,2023-11-15
La Saône_5.0,Le Rhône_217.0,1396.667,337.0,V3000020,2023-11-13
La Saône_5.0,Le Rhône_217.0,2426.458,337.0,V3000020,2023-12-13
La Saône_5.0,Le Rhône_217.0,1281.458,337.0,V3000020,2023-11-21
La Saône_5.0,Le Rhône_217.0,1490.833,337.0,V3000020,2023-12-10
La Saône_5.0,Le Rhône_217.0,1303.542,337.0,V3000020,2023-12-08
La Saône_5.0,Le Rhône_217.0,1299.375,337.0,V3000020,2023-11-20
La Saône_5.0,Le Rhône_217.0,1392.083,337.0,V3000020,2023-12-09
La Saône_5.0,Le Rhône_217.0,1598.542,337.0,V3000020,2023-11-14
La Saône_5.0,Le Rhône_217.0,2339.167,337.0,V3000020,2023-12-15
La Saône_5.0,Le Rhône_217.0,1162.5,337.0,V3000020,2023-11-22
La Saône_5.0,Le Rhône_217.0,1526.875,337.0,V3000020,2023-11-18
La Saône_5.0,Le Rhône_217.0,1728.958,337.0,V3000020,2023-12-11
La Saône_5.0,Le Rhône_217.0,2011.458,337.0,V3000020,2023-12-16
La Saône_5.0,Le Rhône_217.0,2130.0,337.0,V3000020,2023-11-16
La Saône_5.0,Le Rhône_217.0,2491.458,337.0,V3000020,2023-12-14
La Saône_5.0,Le Rhône_217.0,1725.625,337.0,V3000020,2023-12-17
La Saône_5.0,Le Rhône_217.0,2135.0,337.0,V3000020,2023-12-12
La Saône_5.0,Le Rhône_217.0,1727.917,337.0,V3000020,2023-11-17
La Durance_80.0,La Durance_30.0,10.582,162.0,X3020010,2023-12-28
La Durance_80.0,La Durance_30.0,85.204,162.0,X3020010,2023-11-19
La Durance_80.0,La Durance_30.0,39.6,162.0,X3020010,2023-11-24
La Durance_80.0,La Durance_30.0,461.544,162.0,X3020010,2023-11-03
La Durance_80.0,La Durance_30.0,404.275,162.0,X3020010,2023-12-12
La Durance_80.0,La Durance_30.0,10.163,162.0,X3020010,2023-11-30
La Durance_80.0,La Durance_30.0,53.608,162.0,X3020010,2023-12-22
La Durance_80.0,La Durance_30.0,167.912,162.0,X3020010,2023-11-08
La Durance_80.0,La Durance_30.0,479.838,162.0,X3020010,2023-12-04
La Durance_80.0,La Durance_30.0,251.951,162.0,X3020010,2023-12-14
La Durance_80.0,La Durance_30.0,73.744,162.0,X3020010,2023-11-20
La Durance_80.0,La Durance_30.0,515.676,162.0,X3020010,2023-12-08
La Durance_80.0,La Durance_30.0,11.431,162.0,X3020010,2023-12-23
La Durance_80.0,La Durance_30.0,408.286,162.0,X3020010,2023-11-06
La Durance_80.0,La Durance_30.0,365.59,162.0,X3020010,2023-12-13
La Durance_80.0,La Durance_30.0,593.028,162.0,X3020010,2023-11-05
La Durance_80.0,La Durance_30.0,10.441,162.0,X3020010,2023-12-26
La Durance_80.0,La Durance_30.0,10.637,162.0,X3020010,2023-12-25
La Durance_80.0,La Durance_30.0,691.771,162.0,X3020010,2023-12-02
La Durance_80.0,La Durance_30.0,10.617,162.0,X3020010,2023-11-25
La Durance_80.0,La Durance_30.0,51.886,162.0,X3020010,2023-12-01
La Durance_80.0,La Durance_30.0,10.233,162.0,X3020010,2023-11-26
La Durance_80.0,La Durance_30.0,253.055,162.0,X3020010,2023-11-07
La Durance_80.0,La Durance_30.0,10.746,162.0,X3020010,2023-11-15
La Durance_80.0,La Durance_30.0,610.64,162.0,X3020010,2023-12-09
La Durance_80.0,La Durance_30.0,10.991,162.0,X3020010,2023-12-24
La Durance_80.0,La Durance_30.0,719.588,162.0,X3020010,2023-12-03
La Durance_80.0,La Durance_30.0,24.041,162.0,X3020010,2023-11-17
La Durance_80.0,La Durance_30.0,395.328,162.0,X3020010,2023-11-04
La Durance_80.0,La Durance_30.0,10.507,162.0,X3020010,2023-12-27
La Durance_80.0,La Durance_30.0,223.436,162.0,X3020010,2023-12-15
La Durance_80.0,La Durance_30.0,11.636,162.0,X3020010,2023-11-14
La Durance_80.0,La Durance_30.0,10.139,162.0,X3020010,2023-11-27
La Durance_80.0,La Durance_30.0,462.129,162.0,X3020010,2023-12-10
La Durance_80.0,La Durance_30.0,10.454,162.0,X3020010,2023-12-30
La Durance_80.0,La Durance_30.0,60.256,162.0,X3020010,2023-11-13
La Durance_80.0,La Durance_30.0,111.022,162.0,X3020010,2023-12-21
La Durance_80.0,La Durance_30.0,306.003,162.0,X3020010,2023-12-11
La Durance_80.0,La Durance_30.0,120.612,162.0,X3020010,2023-12-19
La Durance_80.0,La Durance_30.0,75.233,162.0,X3020010,2023-11-11
La Durance_80.0,La Durance_30.0,194.895,162.0,X3020010,2023-11-01
La Durance_80.0,La Durance_30.0,61.542,162.0,X3020010,2023-11-21
La Durance_80.0,La Durance_30.0,9.94,162.0,X3020010,2023-11-29
La Durance_80.0,La Durance_30.0,61.533,162.0,X3020010,2023-11-22
La Durance_80.0,La Durance_30.0,83.527,162.0,X3020010,2023-11-18
La Durance_80.0,La Durance_30.0,10.013,162.0,X3020010,2023-11-28
La Durance_80.0,La Durance_30.0,508.027,162.0,X3020010,2023-12-06
La Durance_80.0,La Durance_30.0,10.441,162.0,X3020010,2023-12-31
La Durance_80.0,La Durance_30.0,120.3,162.0,X3020010,2023-12-18
La Durance_80.0,La Durance_30.0,144.631,162.0,X3020010,2023-12-17
La Durance_80.0,La Durance_30.0,74.735,162.0,X3020010,2023-11-12
La Durance_80.0,La Durance_30.0,428.624,162.0,X3020010,2023-12-07
La Durance_80.0,La Durance_30.0,10.679,162.0,X3020010,2023-11-16
La Durance_80.0,La Durance_30.0,182.635,162.0,X3020010,2023-11-02
La Durance_80.0,La Durance_30.0,116.049,162.0,X3020010,2023-11-09
La Durance_80.0,La Durance_30.0,61.563,162.0,X3020010,2023-11-23
La Durance_80.0,La Durance_30.0,120.632,162.0,X3020010,2023-12-20
La Durance_80.0,La Durance_30.0,103.861,162.0,X3020010,2023-11-10
La Durance_80.0,La Durance_30.0,490.774,162.0,X3020010,2023-12-05
La Durance_80.0,La Durance_30.0,173.137,162.0,X3020010,2023-12-16
La Durance_80.0,La Durance_30.0,10.437,162.0,X3020010,2023-12-29
La Durance_30.0,La Durance_17.0,217.37,112.0,X3310010,2023-11-16
La Durance_30.0,La Durance_17.0,239.808,112.0,X3310010,2023-12-01
La Durance_30.0,La Durance_17.0,255.041,112.0,X3310010,2023-12-26
La Durance_30.0,La Durance_17.0,275.243,112.0,X3310010,2023-12-31
La Durance_30.0,La Durance_17.0,142.831,112.0,X3310010,2023-11-30
La Durance_30.0,La Durance_17.0,528.516,112.0,X3310010,2023-11-05
La Durance_30.0,La Durance_17.0,188.437,112.0,X3310010,2023-11-28
La Durance_30.0,La Durance_17.0,319.446,112.0,X3310010,2023-11-17
La Durance_30.0,La Durance_17.0,347.682,112.0,X3310010,2023-11-18
La Durance_30.0,La Durance_17.0,205.691,112.0,X3310010,2023-11-27
La Durance_30.0,La Durance_17.0,496.405,112.0,X3310010,2023-12-10
La Durance_30.0,La Durance_17.0,270.934,112.0,X3310010,2023-12-30
La Durance_30.0,La Durance_17.0,387.074,112.0,X3310010,2023-11-02
La Durance_30.0,La Durance_17.0,513.857,112.0,X3310010,2023-12-11
La Durance_30.0,La Durance_17.0,295.365,112.0,X3310010,2023-12-28
La Durance_30.0,La Durance_17.0,105.574,112.0,X3310010,2023-11-29
La Durance_30.0,La Durance_17.0,280.086,112.0,X3310010,2023-11-26
La Durance_30.0,La Durance_17.0,344.064,112.0,X3310010,2023-11-19
La Durance_30.0,La Durance_17.0,552.081,112.0,X3310010,2023-11-03
La Durance_30.0,La Durance_17.0,474.177,112.0,X3310010,2023-11-04
La Durance_30.0,La Durance_17.0,551.486,112.0,X3310010,2023-12-12
La Durance_30.0,La Durance_17.0,635.489,112.0,X3310010,2023-12-09
La Durance_30.0,La Durance_17.0,285.184,112.0,X3310010,2023-12-29
La Durance_30.0,La Durance_17.0,279.587,112.0,X3310010,2023-12-27
La Durance_30.0,La Durance_17.0,422.788,112.0,X3310010,2023-11-01
La Durance_30.0,La Durance_17.0,618.521,112.0,X3310010,2023-11-06
La Durance_30.0,La Durance_17.0,563.326,112.0,X3310010,2023-12-13
La Durance_30.0,La Durance_17.0,683.217,112.0,X3310010,2023-12-04
La Durance_30.0,La Durance_17.0,262.351,112.0,X3310010,2023-11-24
La Durance_30.0,La Durance_17.0,500.017,112.0,X3310010,2023-12-14
La Durance_30.0,La Durance_17.0,407.894,112.0,X3310010,2023-12-16
La Durance_30.0,La Durance_17.0,409.679,112.0,X3310010,2023-12-19
La Durance_30.0,La Durance_17.0,290.499,112.0,X3310010,2023-12-22
La Durance_30.0,La Durance_17.0,426.36,112.0,X3310010,2023-11-08
La Durance_30.0,La Durance_17.0,355.263,112.0,X3310010,2023-11-13
La Durance_30.0,La Durance_17.0,600.509,112.0,X3310010,2023-12-07
La Durance_30.0,La Durance_17.0,333.416,112.0,X3310010,2023-11-22
La Durance_30.0,La Durance_17.0,287.43,112.0,X3310010,2023-11-14
La Durance_30.0,La Durance_17.0,259.621,112.0,X3310010,2023-12-21
La Durance_30.0,La Durance_17.0,357.55,112.0,X3310010,2023-11-09
La Durance_30.0,La Durance_17.0,484.009,112.0,X3310010,2023-12-15
La Durance_30.0,La Durance_17.0,297.527,112.0,X3310010,2023-11-23
La Durance_30.0,La Durance_17.0,363.04,112.0,X3310010,2023-11-10
La Durance_30.0,La Durance_17.0,322.093,112.0,X3310010,2023-12-20
La Durance_30.0,La Durance_17.0,357.338,112.0,X3310010,2023-11-20
La Durance_30.0,La Durance_17.0,356.264,112.0,X3310010,2023-11-11
La Durance_30.0,La Durance_17.0,477.393,112.0,X3310010,2023-11-07
La Durance_30.0,La Durance_17.0,315.18,112.0,X3310010,2023-12-23
La Durance_30.0,La Durance_17.0,362.103,112.0,X3310010,2023-11-12
La Durance_30.0,La Durance_17.0,421.035,112.0,X3310010,2023-12-17
La Durance_30.0,La Durance_17.0,169.203,112.0,X3310010,2023-12-25
La Durance_30.0,La Durance_17.0,193.466,112.0,X3310010,2023-11-15
La Durance_30.0,La Durance_17.0,316.111,112.0,X3310010,2023-11-25
La Durance_30.0,La Durance_17.0,616.727,112.0,X3310010,2023-12-02
La Durance_30.0,La Durance_17.0,629.163,112.0,X3310010,2023-12-06
La Durance_30.0,La Durance_17.0,402.786,112.0,X3310010,2023-12-18
La Durance_30.0,La Durance_17.0,205.597,112.0,X3310010,2023-12-24
La Durance_30.0,La Durance_17.0,520.104,112.0,X3310010,2023-12-08
La Durance_30.0,La Durance_17.0,820.183,112.0,X3310010,2023-12-03
La Durance_30.0,La Durance_17.0,350.094,112.0,X3310010,2023-11-21
La Durance_30.0,La Durance_17.0,566.224,112.0,X3310010,2023-12-05
La Durance_17.0,Le Rhône_61.0,301.959,99.0,X3500010,2023-12-19
La Durance_17.0,Le Rhône_61.0,298.998,99.0,X3500010,2023-12-18
La Durance_17.0,Le Rhône_61.0,316.084,99.0,X3500010,2023-12-16
La Durance_17.0,Le Rhône_61.0,274.591,99.0,X3500010,2023-12-30
La Durance_17.0,Le Rhône_61.0,431.364,99.0,X3500010,2023-12-11
La Durance_17.0,Le Rhône_61.0,587.412,99.0,X3500010,2023-12-06
La Durance_17.0,Le Rhône_61.0,530.038,99.0,X3500010,2023-12-07
La Durance_17.0,Le Rhône_61.0,77.532,99.0,X3500010,2023-11-29
La Durance_17.0,Le Rhône_61.0,275.435,99.0,X3500010,2023-12-29
La Durance_17.0,Le Rhône_61.0,670.459,99.0,X3500010,2023-12-04
La Durance_17.0,Le Rhône_61.0,582.786,99.0,X3500010,2023-12-05
La Durance_17.0,Le Rhône_61.0,256.973,99.0,X3500010,2023-12-20
La Durance_17.0,Le Rhône_61.0,182.79,99.0,X3500010,2023-12-25
La Durance_17.0,Le Rhône_61.0,227.149,99.0,X3500010,2023-12-26
La Durance_17.0,Le Rhône_61.0,153.379,99.0,X3500010,2023-12-01
La Durance_17.0,Le Rhône_61.0,538.437,99.0,X3500010,2023-12-02
La Durance_17.0,Le Rhône_61.0,316.163,99.0,X3500010,2023-12-17
La Durance_17.0,Le Rhône_61.0,215.054,99.0,X3500010,2023-12-24
La Durance_17.0,Le Rhône_61.0,451.772,99.0,X3500010,2023-12-08
La Durance_17.0,Le Rhône_61.0,451.65,99.0,X3500010,2023-12-12
La Durance_17.0,Le Rhône_61.0,261.936,99.0,X3500010,2023-12-23
La Durance_17.0,Le Rhône_61.0,265.236,99.0,X3500010,2023-12-27
La Durance_17.0,Le Rhône_61.0,888.457,99.0,X3500010,2023-12-03
La Durance_17.0,Le Rhône_61.0,580.802,99.0,X3500010,2023-12-09
La Durance_17.0,Le Rhône_61.0,411.075,99.0,X3500010,2023-12-14
La Durance_17.0,Le Rhône_61.0,234.477,99.0,X3500010,2023-12-22
La Durance_17.0,Le Rhône_61.0,282.259,99.0,X3500010,2023-12-28
La Durance_17.0,Le Rhône_61.0,95.414,99.0,X3500010,2023-11-30
La Durance_17.0,Le Rhône_61.0,479.608,99.0,X3500010,2023-12-13
La Durance_17.0,Le Rhône_61.0,221.682,99.0,X3500010,2023-12-21
La Durance_17.0,Le Rhône_61.0,388.842,99.0,X3500010,2023-12-15
La Durance_17.0,Le Rhône_61.0,410.661,99.0,X3500010,2023-12-10
La Durance_17.0,Le Rhône_61.0,273.293,99.0,X3500010,2023-12-31
La Durance_17.0,Le Rhône_61.0,138.373,99.0,X3500010,2023-11-28
La Durance_17.0,Le Rhône_61.0,268.445,99.0,X3500010,2023-11-18
La Durance_17.0,Le Rhône_61.0,143.319,99.0,X3500010,2023-11-27
La Durance_17.0,Le Rhône_61.0,155.581,99.0,X3500010,2023-11-16
La Durance_17.0,Le Rhône_61.0,268.564,99.0,X3500010,2023-11-19
La Durance_17.0,Le Rhône_61.0,249.922,99.0,X3500010,2023-11-22
La Durance_17.0,Le Rhône_61.0,227.456,99.0,X3500010,2023-11-23
La Durance_17.0,Le Rhône_61.0,274.358,99.0,X3500010,2023-11-12
La Durance_17.0,Le Rhône_61.0,558.152,99.0,X3500010,2023-11-06
La Durance_17.0,Le Rhône_61.0,222.782,99.0,X3500010,2023-11-14
La Durance_17.0,Le Rhône_61.0,305.903,99.0,X3500010,2023-11-02
La Durance_17.0,Le Rhône_61.0,247.663,99.0,X3500010,2023-11-17
La Durance_17.0,Le Rhône_61.0,345.63,99.0,X3500010,2023-11-01
La Durance_17.0,Le Rhône_61.0,466.736,99.0,X3500010,2023-11-03
La Durance_17.0,Le Rhône_61.0,266.442,99.0,X3500010,2023-11-21
La Durance_17.0,Le Rhône_61.0,184.333,99.0,X3500010,2023-11-24
La Durance_17.0,Le Rhône_61.0,422.447,99.0,X3500010,2023-11-05
La Durance_17.0,Le Rhône_61.0,328.641,99.0,X3500010,2023-11-08
La Durance_17.0,Le Rhône_61.0,230.222,99.0,X3500010,2023-11-25
La Durance_17.0,Le Rhône_61.0,405.791,99.0,X3500010,2023-11-04
La Durance_17.0,Le Rhône_61.0,268.311,99.0,X3500010,2023-11-13
La Durance_17.0,Le Rhône_61.0,274.44,99.0,X3500010,2023-11-11
La Durance_17.0,Le Rhône_61.0,258.364,99.0,X3500010,2023-11-09
La Durance_17.0,Le Rhône_61.0,207.578,99.0,X3500010,2023-11-26
La Durance_17.0,Le Rhône_61.0,278.221,99.0,X3500010,2023-11-20
La Durance_17.0,Le Rhône_61.0,268.718,99.0,X3500010,2023-11-10
La Durance_17.0,Le Rhône_61.0,393.116,99.0,X3500010,2023-11-07
La Durance_17.0,Le Rhône_61.0,156.546,99.0,X3500010,2023-11-15
L'Isère_70.0,Le Rhône_217.0,1156.168,293.0,W3200010,2023-11-15
L'Isère_70.0,Le Rhône_217.0,793.619,293.0,W3200010,2023-12-11
L'Isère_70.0,Le Rhône_217.0,329.524,293.0,W3200010,2023-11-24
L'Isère_70.0,Le Rhône_217.0,485.49,293.0,W3200010,2023-11-18
L'Isère_70.0,Le Rhône_217.0,1197.086,293.0,W3200010,2023-12-13
L'Isère_70.0,Le Rhône_217.0,327.412,293.0,W3200010,2023-12-27
L'Isère_70.0,Le Rhône_217.0,284.408,293.0,W3200010,2023-12-30
L'Isère_70.0,Le Rhône_217.0,596.236,293.0,W3200010,2023-11-03
L'Isère_70.0,Le Rhône_217.0,583.702,293.0,W3200010,2023-11-17
L'Isère_70.0,Le Rhône_217.0,404.622,293.0,W3200010,2023-11-21
L'Isère_70.0,Le Rhône_217.0,373.121,293.0,W3200010,2023-12-23
L'Isère_70.0,Le Rhône_217.0,323.892,293.0,W3200010,2023-12-25
L'Isère_70.0,Le Rhône_217.0,582.376,293.0,W3200010,2023-12-10
L'Isère_70.0,Le Rhône_217.0,915.893,293.0,W3200010,2023-12-01
L'Isère_70.0,Le Rhône_217.0,432.003,293.0,W3200010,2023-11-07
L'Isère_70.0,Le Rhône_217.0,526.748,293.0,W3200010,2023-11-05
L'Isère_70.0,Le Rhône_217.0,404.096,293.0,W3200010,2023-12-21
L'Isère_70.0,Le Rhône_217.0,346.972,293.0,W3200010,2023-11-11
L'Isère_70.0,Le Rhône_217.0,630.634,293.0,W3200010,2023-12-05
L'Isère_70.0,Le Rhône_217.0,407.362,293.0,W3200010,2023-11-13
L'Isère_70.0,Le Rhône_217.0,314.167,293.0,W3200010,2023-12-26
L'Isère_70.0,Le Rhône_217.0,690.694,293.0,W3200010,2023-12-16
L'Isère_70.0,Le Rhône_217.0,395.661,293.0,W3200010,2023-11-20
L'Isère_70.0,Le Rhône_217.0,498.07,293.0,W3200010,2023-11-04
L'Isère_70.0,Le Rhône_217.0,625.767,293.0,W3200010,2023-12-06
L'Isère_70.0,Le Rhône_217.0,375.079,293.0,W3200010,2023-11-08
L'Isère_70.0,Le Rhône_217.0,391.351,293.0,W3200010,2023-12-22
L'Isère_70.0,Le Rhône_217.0,303.818,293.0,W3200010,2023-11-25
L'Isère_70.0,Le Rhône_217.0,279.848,293.0,W3200010,2023-12-31
L'Isère_70.0,Le Rhône_217.0,1064.152,293.0,W3200010,2023-12-02
L'Isère_70.0,Le Rhône_217.0,333.727,293.0,W3200010,2023-11-10
L'Isère_70.0,Le Rhône_217.0,780.693,293.0,W3200010,2023-12-03
L'Isère_70.0,Le Rhône_217.0,486.674,293.0,W3200010,2023-11-01
L'Isère_70.0,Le Rhône_217.0,860.247,293.0,W3200010,2023-12-15
L'Isère_70.0,Le Rhône_217.0,556.025,293.0,W3200010,2023-12-18
L'Isère_70.0,Le Rhône_217.0,496.728,293.0,W3200010,2023-12-09
L'Isère_70.0,Le Rhône_217.0,369.496,293.0,W3200010,2023-11-29
L'Isère_70.0,Le Rhône_217.0,359.791,293.0,W3200010,2023-11-23
L'Isère_70.0,Le Rhône_217.0,588.404,293.0,W3200010,2023-12-08
L'Isère_70.0,Le Rhône_217.0,1221.887,293.0,W3200010,2023-12-12
L'Isère_70.0,Le Rhône_217.0,580.781,293.0,W3200010,2023-12-17
L'Isère_70.0,Le Rhône_217.0,448.391,293.0,W3200010,2023-11-30
L'Isère_70.0,Le Rhône_217.0,338.639,293.0,W3200010,2023-11-12
L'Isère_70.0,Le Rhône_217.0,350.79,293.0,W3200010,2023-12-24
L'Isère_70.0,Le Rhône_217.0,689.517,293.0,W3200010,2023-12-04
L'Isère_70.0,Le Rhône_217.0,289.707,293.0,W3200010,2023-12-29
L'Isère_70.0,Le Rhône_217.0,1131.934,293.0,W3200010,2023-12-14
L'Isère_70.0,Le Rhône_217.0,393.529,293.0,W3200010,2023-11-22
L'Isère_70.0,Le Rhône_217.0,387.003,293.0,W3200010,2023-11-19
L'Isère_70.0,Le Rhône_217.0,627.074,293.0,W3200010,2023-12-07
L'Isère_70.0,Le Rhône_217.0,530.192,293.0,W3200010,2023-11-06
L'Isère_70.0,Le Rhône_217.0,298.324,293.0,W3200010,2023-12-28
L'Isère_70.0,Le Rhône_217.0,472.54,293.0,W3200010,2023-11-02
L'Isère_70.0,Le Rhône_217.0,359.865,293.0,W3200010,2023-11-09
L'Isère_70.0,Le Rhône_217.0,332.856,293.0,W3200010,2023-11-28
L'Isère_70.0,Le Rhône_217.0,767.301,293.0,W3200010,2023-11-16
L'Isère_70.0,Le Rhône_217.0,532.661,293.0,W3200010,2023-12-20
L'Isère_70.0,Le Rhône_217.0,639.185,293.0,W3200010,2023-11-14
L'Isère_70.0,Le Rhône_217.0,570.518,293.0,W3200010,2023-12-19
L'Isère_70.0,Le Rhône_217.0,318.677,293.0,W3200010,2023-11-26
L'Isère_70.0,Le Rhône_217.0,333.473,293.0,W3200010,2023-11-27
L'Isère_151.0,L'Isère_143.0,256.823,374.0,W1300010,2023-11-13
L'Isère_151.0,L'Isère_143.0,225.632,374.0,W1300010,2023-11-18
L'Isère_151.0,L'Isère_143.0,257.177,374.0,W1300010,2023-12-03
L'Isère_151.0,L'Isère_143.0,161.335,374.0,W1300010,2023-11-23
L'Isère_151.0,L'Isère_143.0,159.151,374.0,W1300010,2023-12-23
L'Isère_151.0,L'Isère_143.0,138.281,374.0,W1300010,2023-12-24
L'Isère_151.0,L'Isère_143.0,175.638,374.0,W1300010,2023-11-22
L'Isère_151.0,L'Isère_143.0,174.818,374.0,W1300010,2023-11-12
L'Isère_151.0,L'Isère_143.0,221.598,374.0,W1300010,2023-12-05
L'Isère_151.0,L'Isère_143.0,202.013,374.0,W1300010,2023-11-06
L'Isère_151.0,L'Isère_143.0,178.643,374.0,W1300010,2023-12-09
L'Isère_151.0,L'Isère_143.0,239.802,374.0,W1300010,2023-12-04
L'Isère_151.0,L'Isère_143.0,234.677,374.0,W1300010,2023-12-18
L'Isère_151.0,L'Isère_143.0,214.405,374.0,W1300010,2023-12-06
L'Isère_151.0,L'Isère_143.0,146.196,374.0,W1300010,2023-11-24
L'Isère_151.0,L'Isère_143.0,137.351,374.0,W1300010,2023-11-08
L'Isère_151.0,L'Isère_143.0,228.156,374.0,W1300010,2023-12-17
L'Isère_151.0,L'Isère_143.0,248.902,374.0,W1300010,2023-12-10
L'Isère_151.0,L'Isère_143.0,131.912,374.0,W1300010,2023-12-25
L'Isère_151.0,L'Isère_143.0,153.517,374.0,W1300010,2023-11-07
L'Isère_151.0,L'Isère_143.0,132.265,374.0,W1300010,2023-12-27
L'Isère_151.0,L'Isère_143.0,242.269,374.0,W1300010,2023-11-05
L'Isère_151.0,L'Isère_143.0,103.572,374.0,W1300010,2023-12-30
L'Isère_151.0,L'Isère_143.0,207.141,374.0,W1300010,2023-11-03
L'Isère_151.0,L'Isère_143.0,198.392,374.0,W1300010,2023-11-20
L'Isère_151.0,L'Isère_143.0,568.906,374.0,W1300010,2023-12-12
L'Isère_151.0,L'Isère_143.0,146.4,374.0,W1300010,2023-11-27
L'Isère_151.0,L'Isère_143.0,204.986,374.0,W1300010,2023-12-07
L'Isère_151.0,L'Isère_143.0,264.441,374.0,W1300010,2023-11-30
L'Isère_151.0,L'Isère_143.0,646.244,374.0,W1300010,2023-11-15
L'Isère_151.0,L'Isère_143.0,177.753,374.0,W1300010,2023-11-02
L'Isère_151.0,L'Isère_143.0,199.269,374.0,W1300010,2023-11-21
L'Isère_151.0,L'Isère_143.0,361.111,374.0,W1300010,2023-11-16
L'Isère_151.0,L'Isère_143.0,170.962,374.0,W1300010,2023-12-21
L'Isère_151.0,L'Isère_143.0,173.059,374.0,W1300010,2023-11-28
L'Isère_151.0,L'Isère_143.0,197.964,374.0,W1300010,2023-12-08
L'Isère_151.0,L'Isère_143.0,415.867,374.0,W1300010,2023-12-14
L'Isère_151.0,L'Isère_143.0,160.456,374.0,W1300010,2023-11-29
L'Isère_151.0,L'Isère_143.0,152.077,374.0,W1300010,2023-11-01
L'Isère_151.0,L'Isère_143.0,189.782,374.0,W1300010,2023-12-20
L'Isère_151.0,L'Isère_143.0,100.298,374.0,W1300010,2023-12-31
L'Isère_151.0,L'Isère_143.0,601.888,374.0,W1300010,2023-12-13
L'Isère_151.0,L'Isère_143.0,129.102,374.0,W1300010,2023-11-10
L'Isère_151.0,L'Isère_143.0,324.005,374.0,W1300010,2023-12-15
L'Isère_151.0,L'Isère_143.0,108.641,374.0,W1300010,2023-12-29
L'Isère_151.0,L'Isère_143.0,485.314,374.0,W1300010,2023-11-14
L'Isère_151.0,L'Isère_143.0,147.795,374.0,W1300010,2023-11-26
L'Isère_151.0,L'Isère_143.0,122.588,374.0,W1300010,2023-12-26
L'Isère_151.0,L'Isère_143.0,144.964,374.0,W1300010,2023-11-25
L'Isère_151.0,L'Isère_143.0,253.592,374.0,W1300010,2023-12-16
L'Isère_151.0,L'Isère_143.0,441.495,374.0,W1300010,2023-12-11
L'Isère_151.0,L'Isère_143.0,168.431,374.0,W1300010,2023-12-22
L'Isère_151.0,L'Isère_143.0,360.219,374.0,W1300010,2023-12-02
L'Isère_151.0,L'Isère_143.0,161.487,374.0,W1300010,2023-11-04
L'Isère_151.0,L'Isère_143.0,117.55,374.0,W1300010,2023-11-09
L'Isère_151.0,L'Isère_143.0,465.767,374.0,W1300010,2023-12-01
L'Isère_151.0,L'Isère_143.0,112.236,374.0,W1300010,2023-12-28
L'Isère_151.0,L'Isère_143.0,194.119,374.0,W1300010,2023-11-19
L'Isère_151.0,L'Isère_143.0,139.32,374.0,W1300010,2023-11-11
L'Isère_151.0,L'Isère_143.0,231.531,374.0,W1300010,2023-12-19
L'Isère_151.0,L'Isère_143.0,279.695,374.0,W1300010,2023-11-17
L'Isère_143.0,L'Isère_129.0,242.919,366.0,W1310010,2023-12-07
L'Isère_143.0,L'Isère_129.0,231.802,366.0,W1310010,2023-12-20
L'Isère_143.0,L'Isère_129.0,184.332,366.0,W1310010,2023-12-09
L'Isère_143.0,L'Isère_129.0,262.046,366.0,W1310010,2023-12-19
L'Isère_143.0,L'Isère_129.0,195.963,366.0,W1310010,2023-12-22
L'Isère_143.0,L'Isère_129.0,241.663,366.0,W1310010,2023-12-06
L'Isère_143.0,L'Isère_129.0,206.626,366.0,W1310010,2023-11-22
L'Isère_143.0,L'Isère_129.0,176.433,366.0,W1310010,2023-11-11
L'Isère_143.0,L'Isère_129.0,186.303,366.0,W1310010,2023-11-08
L'Isère_143.0,L'Isère_129.0,230.983,366.0,W1310010,2023-11-21
L'Isère_143.0,L'Isère_129.0,174.447,366.0,W1310010,2023-12-23
L'Isère_143.0,L'Isère_129.0,237.958,366.0,W1310010,2023-12-08
L'Isère_143.0,L'Isère_129.0,204.325,366.0,W1310010,2023-11-19
L'Isère_143.0,L'Isère_129.0,232.209,366.0,W1310010,2023-11-20
L'Isère_143.0,L'Isère_129.0,166.331,366.0,W1310010,2023-11-09
L'Isère_143.0,L'Isère_129.0,192.606,366.0,W1310010,2023-12-21
L'Isère_143.0,L'Isère_129.0,246.414,366.0,W1310010,2023-11-18
L'Isère_143.0,L'Isère_129.0,233.665,366.0,W1310010,2023-12-05
L'Isère_143.0,L'Isère_129.0,466.489,366.0,W1310010,2023-12-11
L'Isère_143.0,L'Isère_129.0,183.335,366.0,W1310010,2023-11-04
L'Isère_143.0,L'Isère_129.0,148.016,366.0,W1310010,2023-12-27
L'Isère_143.0,L'Isère_129.0,290.048,366.0,W1310010,2023-12-18
L'Isère_143.0,L'Isère_129.0,180.06,366.0,W1310010,2023-11-26
L'Isère_143.0,L'Isère_129.0,312.935,366.0,W1310010,2023-11-17
L'Isère_143.0,L'Isère_129.0,492.017,366.0,W1310010,2023-12-01
L'Isère_143.0,L'Isère_129.0,132.519,366.0,W1310010,2023-12-28
L'Isère_143.0,L'Isère_129.0,361.932,366.0,W1310010,2023-12-15
L'Isère_143.0,L'Isère_129.0,243.647,366.0,W1310010,2023-11-03
L'Isère_143.0,L'Isère_129.0,125.737,366.0,W1310010,2023-12-29
L'Isère_143.0,L'Isère_129.0,182.958,366.0,W1310010,2023-11-27
L'Isère_143.0,L'Isère_129.0,581.096,366.0,W1310010,2023-12-12
L'Isère_143.0,L'Isère_129.0,288.313,366.0,W1310010,2023-11-30
L'Isère_143.0,L'Isère_129.0,707.388,366.0,W1310010,2023-11-15
L'Isère_143.0,L'Isère_129.0,203.401,366.0,W1310010,2023-11-02
L'Isère_143.0,L'Isère_129.0,123.678,366.0,W1310010,2023-12-30
L'Isère_143.0,L'Isère_129.0,399.895,366.0,W1310010,2023-11-16
L'Isère_143.0,L'Isère_129.0,164.955,366.0,W1310010,2023-11-01
L'Isère_143.0,L'Isère_129.0,469.036,366.0,W1310010,2023-12-14
L'Isère_143.0,L'Isère_129.0,196.331,366.0,W1310010,2023-11-29
L'Isère_143.0,L'Isère_129.0,115.163,366.0,W1310010,2023-12-31
L'Isère_143.0,L'Isère_129.0,180.196,366.0,W1310010,2023-11-28
L'Isère_143.0,L'Isère_129.0,612.705,366.0,W1310010,2023-12-13
L'Isère_143.0,L'Isère_129.0,392.394,366.0,W1310010,2023-12-02
L'Isère_143.0,L'Isère_129.0,503.435,366.0,W1310010,2023-11-14
L'Isère_143.0,L'Isère_129.0,290.72,366.0,W1310010,2023-12-16
L'Isère_143.0,L'Isère_129.0,271.095,366.0,W1310010,2023-12-03
L'Isère_143.0,L'Isère_129.0,198.965,366.0,W1310010,2023-11-07
L'Isère_143.0,L'Isère_129.0,208.621,366.0,W1310010,2023-11-12
L'Isère_143.0,L'Isère_129.0,155.123,366.0,W1310010,2023-12-24
L'Isère_143.0,L'Isère_129.0,173.754,366.0,W1310010,2023-11-23
L'Isère_143.0,L'Isère_129.0,243.766,366.0,W1310010,2023-12-17
L'Isère_143.0,L'Isère_129.0,259.608,366.0,W1310010,2023-12-04
L'Isère_143.0,L'Isère_129.0,231.27,366.0,W1310010,2023-11-06
L'Isère_143.0,L'Isère_129.0,151.931,366.0,W1310010,2023-12-25
L'Isère_143.0,L'Isère_129.0,155.415,366.0,W1310010,2023-11-24
L'Isère_143.0,L'Isère_129.0,250.856,366.0,W1310010,2023-12-10
L'Isère_143.0,L'Isère_129.0,165.679,366.0,W1310010,2023-11-10
L'Isère_143.0,L'Isère_129.0,270.567,366.0,W1310010,2023-11-13
L'Isère_143.0,L'Isère_129.0,162.446,366.0,W1310010,2023-11-25
L'Isère_143.0,L'Isère_129.0,246.73,366.0,W1310010,2023-11-05
L'Isère_143.0,L'Isère_129.0,139.137,366.0,W1310010,2023-12-26
L'Isère_129.0,L'Isère_104.0,494.341,352.0,W1400001,2023-11-16
L'Isère_129.0,L'Isère_104.0,801.795,352.0,W1400001,2023-12-13
L'Isère_129.0,L'Isère_104.0,230.797,352.0,W1400001,2023-11-19
L'Isère_129.0,L'Isère_104.0,561.934,352.0,W1400001,2023-12-11
L'Isère_129.0,L'Isère_104.0,835.358,352.0,W1400001,2023-11-15
L'Isère_129.0,L'Isère_104.0,396.431,352.0,W1400001,2023-12-16
L'Isère_129.0,L'Isère_104.0,222.63,352.0,W1400001,2023-11-12
L'Isère_129.0,L'Isère_104.0,328.64,352.0,W1400001,2023-12-17
L'Isère_129.0,L'Isère_104.0,303.504,352.0,W1400001,2023-12-08
L'Isère_129.0,L'Isère_104.0,382.661,352.0,W1400001,2023-12-18
L'Isère_129.0,L'Isère_104.0,304.373,352.0,W1400001,2023-11-13
L'Isère_129.0,L'Isère_104.0,347.979,352.0,W1400001,2023-12-19
L'Isère_129.0,L'Isère_104.0,241.008,352.0,W1400001,2023-12-09
L'Isère_129.0,L'Isère_104.0,556.987,352.0,W1400001,2023-11-14
L'Isère_129.0,L'Isère_104.0,372.813,352.0,W1400001,2023-11-17
L'Isère_129.0,L'Isère_104.0,260.836,352.0,W1400001,2023-11-20
L'Isère_129.0,L'Isère_104.0,756.16,352.0,W1400001,2023-12-12
L'Isère_129.0,L'Isère_104.0,193.843,352.0,W1400001,2023-11-11
L'Isère_129.0,L'Isère_104.0,326.409,352.0,W1400001,2023-12-10
L'Isère_129.0,L'Isère_104.0,290.366,352.0,W1400001,2023-11-18
L'Isère_129.0,L'Isère_104.0,496.516,352.0,W1400001,2023-12-15
L'Isère_129.0,L'Isère_104.0,635.46,352.0,W1400001,2023-12-14
L'Isère_129.0,L'Isère_104.0,201.253,352.0,W1400001,2023-11-08
L'Isère_129.0,L'Isère_104.0,352.75,352.0,W1400001,2023-12-03
L'Isère_129.0,L'Isère_104.0,305.603,352.0,W1400001,2023-12-06
L'Isère_129.0,L'Isère_104.0,219.976,352.0,W1400001,2023-11-27
L'Isère_129.0,L'Isère_104.0,165.563,352.0,W1400001,2023-12-29
L'Isère_129.0,L'Isère_104.0,249.646,352.0,W1400001,2023-11-22
L'Isère_129.0,L'Isère_104.0,626.559,352.0,W1400001,2023-12-01
L'Isère_129.0,L'Isère_104.0,227.948,352.0,W1400001,2023-12-23
L'Isère_129.0,L'Isère_104.0,296.434,352.0,W1400001,2023-12-05
L'Isère_129.0,L'Isère_104.0,223.456,352.0,W1400001,2023-11-07
L'Isère_129.0,L'Isère_104.0,211.603,352.0,W1400001,2023-11-26
L'Isère_129.0,L'Isère_104.0,282.238,352.0,W1400001,2023-11-03
L'Isère_129.0,L'Isère_104.0,211.298,352.0,W1400001,2023-11-23
L'Isère_129.0,L'Isère_104.0,206.778,352.0,W1400001,2023-12-24
L'Isère_129.0,L'Isère_104.0,195.152,352.0,W1400001,2023-12-27
L'Isère_129.0,L'Isère_104.0,212.264,352.0,W1400001,2023-11-04
L'Isère_129.0,L'Isère_104.0,329.232,352.0,W1400001,2023-12-04
L'Isère_129.0,L'Isère_104.0,519.392,352.0,W1400001,2023-12-02
L'Isère_129.0,L'Isère_104.0,267.527,352.0,W1400001,2023-11-06
L'Isère_129.0,L'Isère_104.0,200.84,352.0,W1400001,2023-12-25
L'Isère_129.0,L'Isère_104.0,192.213,352.0,W1400001,2023-11-25
L'Isère_129.0,L'Isère_104.0,188.243,352.0,W1400001,2023-11-24
L'Isère_129.0,L'Isère_104.0,180.217,352.0,W1400001,2023-12-26
L'Isère_129.0,L'Isère_104.0,274.822,352.0,W1400001,2023-11-05
L'Isère_129.0,L'Isère_104.0,258.573,352.0,W1400001,2023-12-22
L'Isère_129.0,L'Isère_104.0,173.955,352.0,W1400001,2023-12-28
L'Isère_129.0,L'Isère_104.0,178.997,352.0,W1400001,2023-11-10
L'Isère_129.0,L'Isère_104.0,161.373,352.0,W1400001,2023-12-30
L'Isère_129.0,L'Isère_104.0,349.496,352.0,W1400001,2023-11-30
L'Isère_129.0,L'Isère_104.0,312.901,352.0,W1400001,2023-12-07
L'Isère_129.0,L'Isère_104.0,246.006,352.0,W1400001,2023-11-29
L'Isère_129.0,L'Isère_104.0,255.719,352.0,W1400001,2023-12-21
L'Isère_129.0,L'Isère_104.0,270.332,352.0,W1400001,2023-11-21
L'Isère_129.0,L'Isère_104.0,150.459,352.0,W1400001,2023-12-31
L'Isère_129.0,L'Isère_104.0,183.965,352.0,W1400001,2023-11-01
L'Isère_129.0,L'Isère_104.0,186.895,352.0,W1400001,2023-11-09
L'Isère_129.0,L'Isère_104.0,313.38,352.0,W1400001,2023-12-20
L'Isère_129.0,L'Isère_104.0,221.475,352.0,W1400001,2023-11-02
L'Isère_129.0,L'Isère_104.0,217.78,352.0,W1400001,2023-11-28
L'Isère_104.0,L'Isère_70.0,240.503,327.0,W1410010,2023-11-04
L'Isère_104.0,L'Isère_70.0,137.281,327.0,W1410010,2023-12-31
L'Isère_104.0,L'Isère_70.0,409.795,327.0,W1410010,2023-12-16
L'Isère_104.0,L'Isère_70.0,167.731,327.0,W1410010,2023-12-26
L'Isère_104.0,L'Isère_70.0,584.216,327.0,W1410010,2023-12-02
L'Isère_104.0,L'Isère_70.0,897.351,327.0,W1410010,2023-11-15
L'Isère_104.0,L'Isère_70.0,236.027,327.0,W1410010,2023-11-29
L'Isère_104.0,L'Isère_70.0,313.396,327.0,W1410010,2023-11-13
L'Isère_104.0,L'Isère_70.0,204.823,327.0,W1410010,2023-11-28
L'Isère_104.0,L'Isère_70.0,525.72,327.0,W1410010,2023-12-11
L'Isère_104.0,L'Isère_70.0,185.386,327.0,W1410010,2023-11-25
L'Isère_104.0,L'Isère_70.0,830.541,327.0,W1410010,2023-12-12
L'Isère_104.0,L'Isère_70.0,186.394,327.0,W1410010,2023-12-27
L'Isère_104.0,L'Isère_70.0,208.02,327.0,W1410010,2023-11-27
L'Isère_104.0,L'Isère_70.0,314.539,327.0,W1410010,2023-11-30
L'Isère_104.0,L'Isère_70.0,215.346,327.0,W1410010,2023-11-02
L'Isère_104.0,L'Isère_70.0,148.553,327.0,W1410010,2023-12-29
L'Isère_104.0,L'Isère_70.0,708.033,327.0,W1410010,2023-12-14
L'Isère_104.0,L'Isère_70.0,156.207,327.0,W1410010,2023-12-28
L'Isère_104.0,L'Isère_70.0,277.16,327.0,W1410010,2023-11-05
L'Isère_104.0,L'Isère_70.0,523.888,327.0,W1410010,2023-12-15
L'Isère_104.0,L'Isère_70.0,200.045,327.0,W1410010,2023-11-01
L'Isère_104.0,L'Isère_70.0,652.288,327.0,W1410010,2023-12-01
L'Isère_104.0,L'Isère_70.0,533.118,327.0,W1410010,2023-11-14
L'Isère_104.0,L'Isère_70.0,198.885,327.0,W1410010,2023-11-26
L'Isère_104.0,L'Isère_70.0,538.813,327.0,W1410010,2023-11-16
L'Isère_104.0,L'Isère_70.0,401.61,327.0,W1410010,2023-11-17
L'Isère_104.0,L'Isère_70.0,145.474,327.0,W1410010,2023-12-30
L'Isère_104.0,L'Isère_70.0,310.061,327.0,W1410010,2023-11-03
L'Isère_104.0,L'Isère_70.0,181.598,327.0,W1410010,2023-11-10
L'Isère_104.0,L'Isère_70.0,391.439,327.0,W1410010,2023-12-03
L'Isère_104.0,L'Isère_70.0,246.969,327.0,W1410010,2023-11-07
L'Isère_104.0,L'Isère_70.0,219.587,327.0,W1410010,2023-12-23
L'Isère_104.0,L'Isère_70.0,238.547,327.0,W1410010,2023-11-19
L'Isère_104.0,L'Isère_70.0,252.294,327.0,W1410010,2023-11-22
L'Isère_104.0,L'Isère_70.0,260.399,327.0,W1410010,2023-12-09
L'Isère_104.0,L'Isère_70.0,208.497,327.0,W1410010,2023-11-08
L'Isère_104.0,L'Isère_70.0,254.198,327.0,W1410010,2023-12-22
L'Isère_104.0,L'Isère_70.0,369.317,327.0,W1410010,2023-12-18
L'Isère_104.0,L'Isère_70.0,318.322,327.0,W1410010,2023-12-06
L'Isère_104.0,L'Isère_70.0,204.791,327.0,W1410010,2023-11-11
L'Isère_104.0,L'Isère_70.0,268.17,327.0,W1410010,2023-11-21
L'Isère_104.0,L'Isère_70.0,247.973,327.0,W1410010,2023-12-21
L'Isère_104.0,L'Isère_70.0,341.798,327.0,W1410010,2023-12-19
L'Isère_104.0,L'Isère_70.0,205.246,327.0,W1410010,2023-11-09
L'Isère_104.0,L'Isère_70.0,263.557,327.0,W1410010,2023-11-20
L'Isère_104.0,L'Isère_70.0,324.375,327.0,W1410010,2023-12-07
L'Isère_104.0,L'Isère_70.0,312.158,327.0,W1410010,2023-12-08
L'Isère_104.0,L'Isère_70.0,318.82,327.0,W1410010,2023-12-20
L'Isère_104.0,L'Isère_70.0,310.689,327.0,W1410010,2023-12-05
L'Isère_104.0,L'Isère_70.0,860.2,327.0,W1410010,2023-12-13
L'Isère_104.0,L'Isère_70.0,334.115,327.0,W1410010,2023-12-10
L'Isère_104.0,L'Isère_70.0,333.769,327.0,W1410010,2023-12-17
L'Isère_104.0,L'Isère_70.0,187.043,327.0,W1410010,2023-12-25
L'Isère_104.0,L'Isère_70.0,217.724,327.0,W1410010,2023-11-12
L'Isère_104.0,L'Isère_70.0,181.92,327.0,W1410010,2023-11-24
L'Isère_104.0,L'Isère_70.0,209.593,327.0,W1410010,2023-11-23
L'Isère_104.0,L'Isère_70.0,197.253,327.0,W1410010,2023-12-24
L'Isère_104.0,L'Isère_70.0,310.165,327.0,W1410010,2023-11-18
L'Isère_104.0,L'Isère_70.0,291.902,327.0,W1410010,2023-11-06
L'Isère_104.0,L'Isère_70.0,347.202,327.0,W1410010,2023-12-04
L'Ardèche_99.0,L'Ardèche_72.0,12.032,231.0,V5014040,2023-12-19
L'Ardèche_99.0,L'Ardèche_72.0,7.451,231.0,V5014040,2023-12-17
L'Ardèche_99.0,L'Ardèche_72.0,5.086,231.0,V5014040,2023-12-21
L'Ardèche_99.0,L'Ardèche_72.0,12.985,231.0,V5014040,2023-11-13
L'Ardèche_99.0,L'Ardèche_72.0,23.587,231.0,V5014040,2023-11-05
L'Ardèche_99.0,L'Ardèche_72.0,4.58,231.0,V5014040,2023-12-24
L'Ardèche_99.0,L'Ardèche_72.0,25.233,231.0,V5014040,2023-11-06
L'Ardèche_99.0,L'Ardèche_72.0,18.068,231.0,V5014040,2023-12-14
L'Ardèche_99.0,L'Ardèche_72.0,3.982,231.0,V5014040,2023-12-30
L'Ardèche_99.0,L'Ardèche_72.0,4.137,231.0,V5014040,2023-12-31
L'Ardèche_99.0,L'Ardèche_72.0,16.767,231.0,V5014040,2023-11-10
L'Ardèche_99.0,L'Ardèche_72.0,16.378,231.0,V5014040,2023-11-16
L'Ardèche_99.0,L'Ardèche_72.0,15.828,231.0,V5014040,2023-11-11
L'Ardèche_99.0,L'Ardèche_72.0,6.319,231.0,V5014040,2023-12-20
L'Ardèche_99.0,L'Ardèche_72.0,18.26,231.0,V5014040,2023-11-01
L'Ardèche_99.0,L'Ardèche_72.0,4.916,231.0,V5014040,2023-12-22
L'Ardèche_99.0,L'Ardèche_72.0,24.224,231.0,V5014040,2023-11-09
L'Ardèche_99.0,L'Ardèche_72.0,27.009,231.0,V5014040,2023-11-02
L'Ardèche_99.0,L'Ardèche_72.0,4.136,231.0,V5014040,2023-12-28
L'Ardèche_99.0,L'Ardèche_72.0,12.847,231.0,V5014040,2023-12-18
L'Ardèche_99.0,L'Ardèche_72.0,21.348,231.0,V5014040,2023-11-04
L'Ardèche_99.0,L'Ardèche_72.0,4.732,231.0,V5014040,2023-12-23
L'Ardèche_99.0,L'Ardèche_72.0,11.169,231.0,V5014040,2023-11-14
L'Ardèche_99.0,L'Ardèche_72.0,4.203,231.0,V5014040,2023-12-27
L'Ardèche_99.0,L'Ardèche_72.0,4.323,231.0,V5014040,2023-12-26
L'Ardèche_99.0,L'Ardèche_72.0,7.638,231.0,V5014040,2023-12-15
L'Ardèche_99.0,L'Ardèche_72.0,4.067,231.0,V5014040,2023-12-29
L'Ardèche_99.0,L'Ardèche_72.0,23.318,231.0,V5014040,2023-11-08
L'Ardèche_99.0,L'Ardèche_72.0,18.715,231.0,V5014040,2023-11-12
L'Ardèche_99.0,L'Ardèche_72.0,4.432,231.0,V5014040,2023-12-25
L'Ardèche_99.0,L'Ardèche_72.0,15.938,231.0,V5014040,2023-11-15
L'Ardèche_99.0,L'Ardèche_72.0,6.03,231.0,V5014040,2023-12-16
L'Ardèche_99.0,L'Ardèche_72.0,20.657,231.0,V5014040,2023-11-07
L'Ardèche_99.0,L'Ardèche_72.0,28.232,231.0,V5014040,2023-11-03
L'Ardèche_99.0,L'Ardèche_72.0,20.475,231.0,V5014040,2023-12-01
L'Ardèche_99.0,L'Ardèche_72.0,7.343,231.0,V5014040,2023-12-06
L'Ardèche_99.0,L'Ardèche_72.0,7.061,231.0,V5014040,2023-11-24
L'Ardèche_99.0,L'Ardèche_72.0,10.697,231.0,V5014040,2023-11-26
L'Ardèche_99.0,L'Ardèche_72.0,17.961,231.0,V5014040,2023-12-02
L'Ardèche_99.0,L'Ardèche_72.0,20.007,231.0,V5014040,2023-12-12
L'Ardèche_99.0,L'Ardèche_72.0,6.836,231.0,V5014040,2023-11-25
L'Ardèche_99.0,L'Ardèche_72.0,10.552,231.0,V5014040,2023-11-18
L'Ardèche_99.0,L'Ardèche_72.0,17.057,231.0,V5014040,2023-12-03
L'Ardèche_99.0,L'Ardèche_72.0,14.014,231.0,V5014040,2023-12-04
L'Ardèche_99.0,L'Ardèche_72.0,16.713,231.0,V5014040,2023-12-11
L'Ardèche_99.0,L'Ardèche_72.0,12.123,231.0,V5014040,2023-12-05
L'Ardèche_99.0,L'Ardèche_72.0,13.941,231.0,V5014040,2023-11-17
L'Ardèche_99.0,L'Ardèche_72.0,6.991,231.0,V5014040,2023-11-23
L'Ardèche_99.0,L'Ardèche_72.0,7.317,231.0,V5014040,2023-12-10
L'Ardèche_99.0,L'Ardèche_72.0,8.313,231.0,V5014040,2023-11-22
L'Ardèche_99.0,L'Ardèche_72.0,13.029,231.0,V5014040,2023-12-07
L'Ardèche_99.0,L'Ardèche_72.0,7.689,231.0,V5014040,2023-11-19
L'Ardèche_99.0,L'Ardèche_72.0,16.33,231.0,V5014040,2023-11-21
L'Ardèche_99.0,L'Ardèche_72.0,24.639,231.0,V5014040,2023-12-08
L'Ardèche_99.0,L'Ardèche_72.0,12.445,231.0,V5014040,2023-11-20
L'Ardèche_99.0,L'Ardèche_72.0,8.318,231.0,V5014040,2023-11-27
L'Ardèche_99.0,L'Ardèche_72.0,9.836,231.0,V5014040,2023-12-09
L'Ardèche_99.0,L'Ardèche_72.0,18.606,231.0,V5014040,2023-11-30
L'Ardèche_99.0,L'Ardèche_72.0,16.699,231.0,V5014040,2023-11-29
L'Ardèche_99.0,L'Ardèche_72.0,14.974,231.0,V5014040,2023-11-28
L'Ardèche_99.0,L'Ardèche_72.0,21.535,231.0,V5014040,2023-12-13
L'Ardèche_72.0,L'Ardèche_54.0,26.537,204.0,V5014010,2023-12-05
L'Ardèche_72.0,L'Ardèche_54.0,11.818,204.0,V5014010,2023-12-22
L'Ardèche_72.0,L'Ardèche_54.0,21.656,204.0,V5014010,2023-12-06
L'Ardèche_72.0,L'Ardèche_54.0,15.097,204.0,V5014010,2023-12-17
L'Ardèche_72.0,L'Ardèche_54.0,39.35,204.0,V5014010,2023-11-08
L'Ardèche_72.0,L'Ardèche_54.0,11.355,204.0,V5014010,2023-12-23
L'Ardèche_72.0,L'Ardèche_54.0,15.009,204.0,V5014010,2023-11-23
L'Ardèche_72.0,L'Ardèche_54.0,28.783,204.0,V5014010,2023-11-13
L'Ardèche_72.0,L'Ardèche_54.0,11.003,204.0,V5014010,2023-12-24
L'Ardèche_72.0,L'Ardèche_54.0,33.014,204.0,V5014010,2023-12-13
L'Ardèche_72.0,L'Ardèche_54.0,19.176,204.0,V5014010,2023-11-22
L'Ardèche_72.0,L'Ardèche_54.0,23.187,204.0,V5014010,2023-11-18
L'Ardèche_72.0,L'Ardèche_54.0,27.133,204.0,V5014010,2023-12-11
L'Ardèche_72.0,L'Ardèche_54.0,25.792,204.0,V5014010,2023-12-04
L'Ardèche_72.0,L'Ardèche_54.0,18.779,204.0,V5014010,2023-11-28
L'Ardèche_72.0,L'Ardèche_54.0,49.374,204.0,V5014010,2023-11-06
L'Ardèche_72.0,L'Ardèche_54.0,39.377,204.0,V5014010,2023-11-07
L'Ardèche_72.0,L'Ardèche_54.0,20.808,204.0,V5014010,2023-12-10
L'Ardèche_72.0,L'Ardèche_54.0,20.245,204.0,V5014010,2023-12-19
L'Ardèche_72.0,L'Ardèche_54.0,22.903,204.0,V5014010,2023-11-29
L'Ardèche_72.0,L'Ardèche_54.0,19.642,204.0,V5014010,2023-11-20
L'Ardèche_72.0,L'Ardèche_54.0,27.548,204.0,V5014010,2023-12-09
L'Ardèche_72.0,L'Ardèche_54.0,31.602,204.0,V5014010,2023-11-11
L'Ardèche_72.0,L'Ardèche_54.0,39.635,204.0,V5014010,2023-12-08
L'Ardèche_72.0,L'Ardèche_54.0,25.847,204.0,V5014010,2023-11-16
L'Ardèche_72.0,L'Ardèche_54.0,17.342,204.0,V5014010,2023-12-20
L'Ardèche_72.0,L'Ardèche_54.0,20.085,204.0,V5014010,2023-12-18
L'Ardèche_72.0,L'Ardèche_54.0,24.093,204.0,V5014010,2023-11-21
L'Ardèche_72.0,L'Ardèche_54.0,37.185,204.0,V5014010,2023-11-01
L'Ardèche_72.0,L'Ardèche_54.0,34.705,204.0,V5014010,2023-11-10
L'Ardèche_72.0,L'Ardèche_54.0,33.929,204.0,V5014010,2023-11-12
L'Ardèche_72.0,L'Ardèche_54.0,12.386,204.0,V5014010,2023-12-21
L'Ardèche_72.0,L'Ardèche_54.0,17.493,204.0,V5014010,2023-11-19
L'Ardèche_72.0,L'Ardèche_54.0,20.74,204.0,V5014010,2023-12-07
L'Ardèche_72.0,L'Ardèche_54.0,9.558,204.0,V5014010,2023-12-31
L'Ardèche_72.0,L'Ardèche_54.0,43.302,204.0,V5014010,2023-11-09
L'Ardèche_72.0,L'Ardèche_54.0,15.435,204.0,V5014010,2023-12-16
L'Ardèche_72.0,L'Ardèche_54.0,10.524,204.0,V5014010,2023-12-25
L'Ardèche_72.0,L'Ardèche_54.0,14.218,204.0,V5014010,2023-11-25
L'Ardèche_72.0,L'Ardèche_54.0,9.141,204.0,V5014010,2023-12-29
L'Ardèche_72.0,L'Ardèche_54.0,50.882,204.0,V5014010,2023-11-04
L'Ardèche_72.0,L'Ardèche_54.0,20.515,204.0,V5014010,2023-12-15
L'Ardèche_72.0,L'Ardèche_54.0,29.656,204.0,V5014010,2023-12-12
L'Ardèche_72.0,L'Ardèche_54.0,14.588,204.0,V5014010,2023-11-24
L'Ardèche_72.0,L'Ardèche_54.0,8.966,204.0,V5014010,2023-12-30
L'Ardèche_72.0,L'Ardèche_54.0,9.402,204.0,V5014010,2023-12-28
L'Ardèche_72.0,L'Ardèche_54.0,9.807,204.0,V5014010,2023-12-27
L'Ardèche_72.0,L'Ardèche_54.0,27.953,204.0,V5014010,2023-12-02
L'Ardèche_72.0,L'Ardèche_54.0,29.646,204.0,V5014010,2023-12-01
L'Ardèche_72.0,L'Ardèche_54.0,16.204,204.0,V5014010,2023-11-26
L'Ardèche_72.0,L'Ardèche_54.0,58.741,204.0,V5014010,2023-11-03
L'Ardèche_72.0,L'Ardèche_54.0,57.535,204.0,V5014010,2023-11-05
L'Ardèche_72.0,L'Ardèche_54.0,26.673,204.0,V5014010,2023-11-15
L'Ardèche_72.0,L'Ardèche_54.0,59.075,204.0,V5014010,2023-11-02
L'Ardèche_72.0,L'Ardèche_54.0,28.035,204.0,V5014010,2023-12-14
L'Ardèche_72.0,L'Ardèche_54.0,16.777,204.0,V5014010,2023-11-27
L'Ardèche_72.0,L'Ardèche_54.0,10.225,204.0,V5014010,2023-12-26
L'Ardèche_72.0,L'Ardèche_54.0,25.342,204.0,V5014010,2023-11-30
L'Ardèche_72.0,L'Ardèche_54.0,26.011,204.0,V5014010,2023-12-03
L'Ardèche_72.0,L'Ardèche_54.0,26.078,204.0,V5014010,2023-11-17
L'Ardèche_72.0,L'Ardèche_54.0,24.549,204.0,V5014010,2023-11-14
L'Ardèche_54.0,L'Ardèche_41.0,3.95,186.0,V5035022,2023-12-07
L'Ardèche_54.0,L'Ardèche_41.0,2.523,186.0,V5035022,2023-12-21
L'Ardèche_54.0,L'Ardèche_41.0,2.764,186.0,V5035022,2023-12-19
L'Ardèche_54.0,L'Ardèche_41.0,1.784,186.0,V5035022,2023-12-31
L'Ardèche_54.0,L'Ardèche_41.0,2.115,186.0,V5035022,2023-11-26
L'Ardèche_54.0,L'Ardèche_41.0,3.247,186.0,V5035022,2023-11-20
L'Ardèche_54.0,L'Ardèche_41.0,2.996,186.0,V5035022,2023-11-21
L'Ardèche_54.0,L'Ardèche_41.0,1.848,186.0,V5035022,2023-12-29
L'Ardèche_54.0,L'Ardèche_41.0,1.853,186.0,V5035022,2023-12-28
L'Ardèche_54.0,L'Ardèche_41.0,7.224,186.0,V5035022,2023-11-11
L'Ardèche_54.0,L'Ardèche_41.0,2.543,186.0,V5035022,2023-12-01
L'Ardèche_54.0,L'Ardèche_41.0,8.131,186.0,V5035022,2023-11-10
L'Ardèche_54.0,L'Ardèche_41.0,10.886,186.0,V5035022,2023-11-03
L'Ardèche_54.0,L'Ardèche_41.0,10.883,186.0,V5035022,2023-11-02
L'Ardèche_54.0,L'Ardèche_41.0,6.102,186.0,V5035022,2023-12-08
L'Ardèche_54.0,L'Ardèche_41.0,2.662,186.0,V5035022,2023-12-20
L'Ardèche_54.0,L'Ardèche_41.0,2.05,186.0,V5035022,2023-12-25
L'Ardèche_54.0,L'Ardèche_41.0,10.18,186.0,V5035022,2023-11-04
L'Ardèche_54.0,L'Ardèche_41.0,8.024,186.0,V5035022,2023-11-09
L'Ardèche_54.0,L'Ardèche_41.0,13.358,186.0,V5035022,2023-11-05
L'Ardèche_54.0,L'Ardèche_41.0,2.421,186.0,V5035022,2023-11-24
L'Ardèche_54.0,L'Ardèche_41.0,2.4,186.0,V5035022,2023-12-03
L'Ardèche_54.0,L'Ardèche_41.0,10.54,186.0,V5035022,2023-11-06
L'Ardèche_54.0,L'Ardèche_41.0,1.791,186.0,V5035022,2023-12-30
L'Ardèche_54.0,L'Ardèche_41.0,3.049,186.0,V5035022,2023-12-04
L'Ardèche_54.0,L'Ardèche_41.0,1.988,186.0,V5035022,2023-11-28
L'Ardèche_54.0,L'Ardèche_41.0,2.164,186.0,V5035022,2023-12-24
L'Ardèche_54.0,L'Ardèche_41.0,2.011,186.0,V5035022,2023-11-27
L'Ardèche_54.0,L'Ardèche_41.0,1.978,186.0,V5035022,2023-12-26
L'Ardèche_54.0,L'Ardèche_41.0,8.911,186.0,V5035022,2023-11-07
L'Ardèche_54.0,L'Ardèche_41.0,5.927,186.0,V5035022,2023-12-05
L'Ardèche_54.0,L'Ardèche_41.0,1.914,186.0,V5035022,2023-11-29
L'Ardèche_54.0,L'Ardèche_41.0,2.579,186.0,V5035022,2023-11-23
L'Ardèche_54.0,L'Ardèche_41.0,2.275,186.0,V5035022,2023-11-25
L'Ardèche_54.0,L'Ardèche_41.0,8.556,186.0,V5035022,2023-11-01
L'Ardèche_54.0,L'Ardèche_41.0,2.279,186.0,V5035022,2023-12-23
L'Ardèche_54.0,L'Ardèche_41.0,3.026,186.0,V5035022,2023-12-02
L'Ardèche_54.0,L'Ardèche_41.0,7.576,186.0,V5035022,2023-11-08
L'Ardèche_54.0,L'Ardèche_41.0,1.888,186.0,V5035022,2023-12-27
L'Ardèche_54.0,L'Ardèche_41.0,4.705,186.0,V5035022,2023-12-06
L'Ardèche_54.0,L'Ardèche_41.0,2.396,186.0,V5035022,2023-12-22
L'Ardèche_54.0,L'Ardèche_41.0,2.786,186.0,V5035022,2023-11-22
L'Ardèche_54.0,L'Ardèche_41.0,2.17,186.0,V5035022,2023-11-30
L'Ardèche_54.0,L'Ardèche_41.0,3.63,186.0,V5035022,2023-12-15
L'Ardèche_54.0,L'Ardèche_41.0,6.645,186.0,V5035022,2023-12-09
L'Ardèche_54.0,L'Ardèche_41.0,5.323,186.0,V5035022,2023-12-11
L'Ardèche_54.0,L'Ardèche_41.0,2.905,186.0,V5035022,2023-12-18
L'Ardèche_54.0,L'Ardèche_41.0,6.609,186.0,V5035022,2023-11-13
L'Ardèche_54.0,L'Ardèche_41.0,3.07,186.0,V5035022,2023-12-17
L'Ardèche_54.0,L'Ardèche_41.0,4.149,186.0,V5035022,2023-12-14
L'Ardèche_54.0,L'Ardèche_41.0,4.5,186.0,V5035022,2023-12-13
L'Ardèche_54.0,L'Ardèche_41.0,3.966,186.0,V5035022,2023-11-18
L'Ardèche_54.0,L'Ardèche_41.0,3.549,186.0,V5035022,2023-11-19
L'Ardèche_54.0,L'Ardèche_41.0,5.876,186.0,V5035022,2023-12-10
L'Ardèche_54.0,L'Ardèche_41.0,7.26,186.0,V5035022,2023-11-12
L'Ardèche_54.0,L'Ardèche_41.0,4.852,186.0,V5035022,2023-12-12
L'Ardèche_54.0,L'Ardèche_41.0,6.069,186.0,V5035022,2023-11-14
L'Ardèche_54.0,L'Ardèche_41.0,4.884,186.0,V5035022,2023-11-16
L'Ardèche_54.0,L'Ardèche_41.0,3.247,186.0,V5035022,2023-12-16
L'Ardèche_54.0,L'Ardèche_41.0,5.444,186.0,V5035022,2023-11-15
L'Ardèche_54.0,L'Ardèche_41.0,4.362,186.0,V5035022,2023-11-17
L'Ardèche_41.0,L'Ardèche_12.0,24.594,173.0,V5054010,2023-12-17
L'Ardèche_41.0,L'Ardèche_12.0,50.288,173.0,V5054010,2023-12-12
L'Ardèche_41.0,L'Ardèche_12.0,14.647,173.0,V5054010,2023-12-28
L'Ardèche_41.0,L'Ardèche_12.0,31.116,173.0,V5054010,2023-11-27
L'Ardèche_41.0,L'Ardèche_12.0,74.282,173.0,V5054010,2023-11-08
L'Ardèche_41.0,L'Ardèche_12.0,47.663,173.0,V5054010,2023-11-16
L'Ardèche_41.0,L'Ardèche_12.0,14.908,173.0,V5054010,2023-12-29
L'Ardèche_41.0,L'Ardèche_12.0,95.327,173.0,V5054010,2023-11-03
L'Ardèche_41.0,L'Ardèche_12.0,49.289,173.0,V5054010,2023-11-15
L'Ardèche_41.0,L'Ardèche_12.0,56.09,173.0,V5054010,2023-12-06
L'Ardèche_41.0,L'Ardèche_12.0,40.767,173.0,V5054010,2023-11-22
L'Ardèche_41.0,L'Ardèche_12.0,16.944,173.0,V5054010,2023-12-22
L'Ardèche_41.0,L'Ardèche_12.0,31.446,173.0,V5054010,2023-11-26
L'Ardèche_41.0,L'Ardèche_12.0,32.076,173.0,V5054010,2023-12-01
L'Ardèche_41.0,L'Ardèche_12.0,71.328,173.0,V5054010,2023-11-09
L'Ardèche_41.0,L'Ardèche_12.0,38.794,173.0,V5054010,2023-12-10
L'Ardèche_41.0,L'Ardèche_12.0,13.819,173.0,V5054010,2023-12-27
L'Ardèche_41.0,L'Ardèche_12.0,46.883,173.0,V5054010,2023-12-15
L'Ardèche_41.0,L'Ardèche_12.0,29.5,173.0,V5054010,2023-11-23
L'Ardèche_41.0,L'Ardèche_12.0,49.846,173.0,V5054010,2023-12-03
L'Ardèche_41.0,L'Ardèche_12.0,14.996,173.0,V5054010,2023-12-25
L'Ardèche_41.0,L'Ardèche_12.0,105.305,173.0,V5054010,2023-11-05
L'Ardèche_41.0,L'Ardèche_12.0,53.235,173.0,V5054010,2023-11-14
L'Ardèche_41.0,L'Ardèche_12.0,28.475,173.0,V5054010,2023-12-16
L'Ardèche_41.0,L'Ardèche_12.0,93.272,173.0,V5054010,2023-11-06
L'Ardèche_41.0,L'Ardèche_12.0,38.568,173.0,V5054010,2023-12-11
L'Ardèche_41.0,L'Ardèche_12.0,48.794,173.0,V5054010,2023-12-04
L'Ardèche_41.0,L'Ardèche_12.0,14.259,173.0,V5054010,2023-12-26
L'Ardèche_41.0,L'Ardèche_12.0,15.417,173.0,V5054010,2023-12-24
L'Ardèche_41.0,L'Ardèche_12.0,80.993,173.0,V5054010,2023-11-04
L'Ardèche_41.0,L'Ardèche_12.0,23.075,173.0,V5054010,2023-11-25
L'Ardèche_41.0,L'Ardèche_12.0,45.143,173.0,V5054010,2023-12-02
L'Ardèche_41.0,L'Ardèche_12.0,51.528,173.0,V5054010,2023-11-17
L'Ardèche_41.0,L'Ardèche_12.0,42.755,173.0,V5054010,2023-11-18
L'Ardèche_41.0,L'Ardèche_12.0,79.236,173.0,V5054010,2023-11-07
L'Ardèche_41.0,L'Ardèche_12.0,65.69,173.0,V5054010,2023-11-13
L'Ardèche_41.0,L'Ardèche_12.0,59.806,173.0,V5054010,2023-12-05
L'Ardèche_41.0,L'Ardèche_12.0,73.303,173.0,V5054010,2023-11-12
L'Ardèche_41.0,L'Ardèche_12.0,15.989,173.0,V5054010,2023-12-23
L'Ardèche_41.0,L'Ardèche_12.0,20.287,173.0,V5054010,2023-12-21
L'Ardèche_41.0,L'Ardèche_12.0,23.592,173.0,V5054010,2023-11-24
L'Ardèche_41.0,L'Ardèche_12.0,36.446,173.0,V5054010,2023-11-20
L'Ardèche_41.0,L'Ardèche_12.0,78.765,173.0,V5054010,2023-11-02
L'Ardèche_41.0,L'Ardèche_12.0,73.466,173.0,V5054010,2023-11-10
L'Ardèche_41.0,L'Ardèche_12.0,67.539,173.0,V5054010,2023-11-01
L'Ardèche_41.0,L'Ardèche_12.0,13.598,173.0,V5054010,2023-12-30
L'Ardèche_41.0,L'Ardèche_12.0,52.534,173.0,V5054010,2023-12-13
L'Ardèche_41.0,L'Ardèche_12.0,47.349,173.0,V5054010,2023-12-14
L'Ardèche_41.0,L'Ardèche_12.0,25.211,173.0,V5054010,2023-11-29
L'Ardèche_41.0,L'Ardèche_12.0,29.592,173.0,V5054010,2023-12-20
L'Ardèche_41.0,L'Ardèche_12.0,33.204,173.0,V5054010,2023-12-18
L'Ardèche_41.0,L'Ardèche_12.0,36.287,173.0,V5054010,2023-12-19
L'Ardèche_41.0,L'Ardèche_12.0,61.384,173.0,V5054010,2023-12-09
L'Ardèche_41.0,L'Ardèche_12.0,69.096,173.0,V5054010,2023-12-08
L'Ardèche_41.0,L'Ardèche_12.0,12.888,173.0,V5054010,2023-12-31
L'Ardèche_41.0,L'Ardèche_12.0,19.904,173.0,V5054010,2023-11-28
L'Ardèche_41.0,L'Ardèche_12.0,25.57,173.0,V5054010,2023-11-19
L'Ardèche_41.0,L'Ardèche_12.0,70.91,173.0,V5054010,2023-11-11
L'Ardèche_41.0,L'Ardèche_12.0,49.666,173.0,V5054010,2023-12-07
L'Ardèche_41.0,L'Ardèche_12.0,29.635,173.0,V5054010,2023-11-30
L'Ardèche_41.0,L'Ardèche_12.0,46.605,173.0,V5054010,2023-11-21
L'Ardèche_12.0,Le Rhône_99.0,28.886,144.0,V5064010,2023-11-19
L'Ardèche_12.0,Le Rhône_99.0,74.475,144.0,V5064010,2023-11-01
L'Ardèche_12.0,Le Rhône_99.0,61.298,144.0,V5064010,2023-12-08
L'Ardèche_12.0,Le Rhône_99.0,49.684,144.0,V5064010,2023-12-15
L'Ardèche_12.0,Le Rhône_99.0,48.162,144.0,V5064010,2023-11-18
L'Ardèche_12.0,Le Rhône_99.0,14.125,144.0,V5064010,2023-12-27
L'Ardèche_12.0,Le Rhône_99.0,84.313,144.0,V5064010,2023-11-07
L'Ardèche_12.0,Le Rhône_99.0,68.311,144.0,V5064010,2023-11-13
L'Ardèche_12.0,Le Rhône_99.0,29.606,144.0,V5064010,2023-12-18
L'Ardèche_12.0,Le Rhône_99.0,58.205,144.0,V5064010,2023-12-05
L'Ardèche_12.0,Le Rhône_99.0,70.72,144.0,V5064010,2023-12-09
L'Ardèche_12.0,Le Rhône_99.0,29.65,144.0,V5064010,2023-11-30
L'Ardèche_12.0,Le Rhône_99.0,42.192,144.0,V5064010,2023-12-02
L'Ardèche_12.0,Le Rhône_99.0,34.831,144.0,V5064010,2023-12-16
L'Ardèche_12.0,Le Rhône_99.0,49.985,144.0,V5064010,2023-12-03
L'Ardèche_12.0,Le Rhône_99.0,110.685,144.0,V5064010,2023-11-05
L'Ardèche_12.0,Le Rhône_99.0,15.342,144.0,V5064010,2023-12-25
L'Ardèche_12.0,Le Rhône_99.0,73.429,144.0,V5064010,2023-11-11
L'Ardèche_12.0,Le Rhône_99.0,38.422,144.0,V5064010,2023-12-11
L'Ardèche_12.0,Le Rhône_99.0,49.631,144.0,V5064010,2023-12-13
L'Ardèche_12.0,Le Rhône_99.0,12.963,144.0,V5064010,2023-12-31
L'Ardèche_12.0,Le Rhône_99.0,96.832,144.0,V5064010,2023-11-06
L'Ardèche_12.0,Le Rhône_99.0,38.807,144.0,V5064010,2023-12-19
L'Ardèche_12.0,Le Rhône_99.0,24.686,144.0,V5064010,2023-11-25
L'Ardèche_12.0,Le Rhône_99.0,44.928,144.0,V5064010,2023-12-04
L'Ardèche_12.0,Le Rhône_99.0,14.379,144.0,V5064010,2023-12-26
L'Ardèche_12.0,Le Rhône_99.0,54.31,144.0,V5064010,2023-11-14
L'Ardèche_12.0,Le Rhône_99.0,33.974,144.0,V5064010,2023-11-23
L'Ardèche_12.0,Le Rhône_99.0,15.87,144.0,V5064010,2023-12-24
L'Ardèche_12.0,Le Rhône_99.0,83.515,144.0,V5064010,2023-11-04
L'Ardèche_12.0,Le Rhône_99.0,50.525,144.0,V5064010,2023-11-17
L'Ardèche_12.0,Le Rhône_99.0,33.186,144.0,V5064010,2023-11-20
L'Ardèche_12.0,Le Rhône_99.0,25.849,144.0,V5064010,2023-11-29
L'Ardèche_12.0,Le Rhône_99.0,16.638,144.0,V5064010,2023-12-23
L'Ardèche_12.0,Le Rhône_99.0,21.391,144.0,V5064010,2023-11-28
L'Ardèche_12.0,Le Rhône_99.0,71.553,144.0,V5064010,2023-11-09
L'Ardèche_12.0,Le Rhône_99.0,17.954,144.0,V5064010,2023-12-22
L'Ardèche_12.0,Le Rhône_99.0,26.256,144.0,V5064010,2023-12-17
L'Ardèche_12.0,Le Rhône_99.0,43.053,144.0,V5064010,2023-12-10
L'Ardèche_12.0,Le Rhône_99.0,25.729,144.0,V5064010,2023-11-24
L'Ardèche_12.0,Le Rhône_99.0,30.696,144.0,V5064010,2023-12-01
L'Ardèche_12.0,Le Rhône_99.0,100.736,144.0,V5064010,2023-11-03
L'Ardèche_12.0,Le Rhône_99.0,49.261,144.0,V5064010,2023-12-14
L'Ardèche_12.0,Le Rhône_99.0,46.403,144.0,V5064010,2023-11-21
L'Ardèche_12.0,Le Rhône_99.0,41.242,144.0,V5064010,2023-11-22
L'Ardèche_12.0,Le Rhône_99.0,49.366,144.0,V5064010,2023-12-07
L'Ardèche_12.0,Le Rhône_99.0,15.475,144.0,V5064010,2023-12-29
L'Ardèche_12.0,Le Rhône_99.0,49.76,144.0,V5064010,2023-11-15
L'Ardèche_12.0,Le Rhône_99.0,22.958,144.0,V5064010,2023-12-21
L'Ardèche_12.0,Le Rhône_99.0,71.091,144.0,V5064010,2023-11-02
L'Ardèche_12.0,Le Rhône_99.0,33.769,144.0,V5064010,2023-11-27
L'Ardèche_12.0,Le Rhône_99.0,72.062,144.0,V5064010,2023-11-12
L'Ardèche_12.0,Le Rhône_99.0,74.838,144.0,V5064010,2023-11-10
L'Ardèche_12.0,Le Rhône_99.0,49.996,144.0,V5064010,2023-11-16
L'Ardèche_12.0,Le Rhône_99.0,54.761,144.0,V5064010,2023-12-06
L'Ardèche_12.0,Le Rhône_99.0,53.5,144.0,V5064010,2023-12-12
L'Ardèche_12.0,Le Rhône_99.0,14.144,144.0,V5064010,2023-12-30
L'Ardèche_12.0,Le Rhône_99.0,33.309,144.0,V5064010,2023-12-20
L'Ardèche_12.0,Le Rhône_99.0,30.023,144.0,V5064010,2023-11-26
L'Ardèche_12.0,Le Rhône_99.0,14.064,144.0,V5064010,2023-12-28
L'Ardèche_12.0,Le Rhône_99.0,73.853,144.0,V5064010,2023-11-08
L'Ardèche_101.0,L'Ardèche_99.0,1.714,233.0,V5004030,2023-12-26
L'Ardèche_101.0,L'Ardèche_99.0,3.183,233.0,V5004030,2023-11-16
L'Ardèche_101.0,L'Ardèche_99.0,1.904,233.0,V5004030,2023-11-28
L'Ardèche_101.0,L'Ardèche_99.0,3.629,233.0,V5004030,2023-11-14
L'Ardèche_101.0,L'Ardèche_99.0,3.006,233.0,V5004030,2023-11-17
L'Ardèche_101.0,L'Ardèche_99.0,1.614,233.0,V5004030,2023-12-28
L'Ardèche_101.0,L'Ardèche_99.0,2.449,233.0,V5004030,2023-12-15
L'Ardèche_101.0,L'Ardèche_99.0,1.968,233.0,V5004030,2023-11-26
L'Ardèche_101.0,L'Ardèche_99.0,6.921,233.0,V5004030,2023-11-04
L'Ardèche_101.0,L'Ardèche_99.0,1.849,233.0,V5004030,2023-11-29
L'Ardèche_101.0,L'Ardèche_99.0,2.23,233.0,V5004030,2023-12-02
L'Ardèche_101.0,L'Ardèche_99.0,6.081,233.0,V5004030,2023-11-06
L'Ardèche_101.0,L'Ardèche_99.0,1.559,233.0,V5004030,2023-12-31
L'Ardèche_101.0,L'Ardèche_99.0,5.962,233.0,V5004030,2023-11-01
L'Ardèche_101.0,L'Ardèche_99.0,1.936,233.0,V5004030,2023-11-27
L'Ardèche_101.0,L'Ardèche_99.0,1.664,233.0,V5004030,2023-12-27
L'Ardèche_101.0,L'Ardèche_99.0,1.564,233.0,V5004030,2023-12-29
L'Ardèche_101.0,L'Ardèche_99.0,7.054,233.0,V5004030,2023-11-03
L'Ardèche_101.0,L'Ardèche_99.0,3.375,233.0,V5004030,2023-11-15
L'Ardèche_101.0,L'Ardèche_99.0,2.637,233.0,V5004030,2023-12-12
L'Ardèche_101.0,L'Ardèche_99.0,2.022,233.0,V5004030,2023-12-03
L'Ardèche_101.0,L'Ardèche_99.0,2.061,233.0,V5004030,2023-11-25
L'Ardèche_101.0,L'Ardèche_99.0,7.878,233.0,V5004030,2023-11-02
L'Ardèche_101.0,L'Ardèche_99.0,2.833,233.0,V5004030,2023-11-18
L'Ardèche_101.0,L'Ardèche_99.0,2.564,233.0,V5004030,2023-12-14
L'Ardèche_101.0,L'Ardèche_99.0,1.519,233.0,V5004030,2023-12-30
L'Ardèche_101.0,L'Ardèche_99.0,7.081,233.0,V5004030,2023-11-05
L'Ardèche_101.0,L'Ardèche_99.0,2.622,233.0,V5004030,2023-12-13
L'Ardèche_101.0,L'Ardèche_99.0,2.061,233.0,V5004030,2023-11-30
L'Ardèche_101.0,L'Ardèche_99.0,2.272,233.0,V5004030,2023-12-01
L'Ardèche_101.0,L'Ardèche_99.0,2.378,233.0,V5004030,2023-12-16
L'Ardèche_101.0,L'Ardèche_99.0,4.497,233.0,V5004030,2023-11-10
L'Ardèche_101.0,L'Ardèche_99.0,1.962,233.0,V5004030,2023-12-22
L'Ardèche_101.0,L'Ardèche_99.0,2.376,233.0,V5004030,2023-12-06
L'Ardèche_101.0,L'Ardèche_99.0,2.149,233.0,V5004030,2023-11-24
L'Ardèche_101.0,L'Ardèche_99.0,2.179,233.0,V5004030,2023-12-19
L'Ardèche_101.0,L'Ardèche_99.0,2.187,233.0,V5004030,2023-11-23
L'Ardèche_101.0,L'Ardèche_99.0,2.568,233.0,V5004030,2023-11-20
L'Ardèche_101.0,L'Ardèche_99.0,3.89,233.0,V5004030,2023-11-13
L'Ardèche_101.0,L'Ardèche_99.0,2.531,233.0,V5004030,2023-12-05
L'Ardèche_101.0,L'Ardèche_99.0,2.693,233.0,V5004030,2023-12-10
L'Ardèche_101.0,L'Ardèche_99.0,2.313,233.0,V5004030,2023-11-22
L'Ardèche_101.0,L'Ardèche_99.0,2.113,233.0,V5004030,2023-12-20
L'Ardèche_101.0,L'Ardèche_99.0,4.872,233.0,V5004030,2023-11-09
L'Ardèche_101.0,L'Ardèche_99.0,1.814,233.0,V5004030,2023-12-24
L'Ardèche_101.0,L'Ardèche_99.0,2.712,233.0,V5004030,2023-12-09
L'Ardèche_101.0,L'Ardèche_99.0,5.329,233.0,V5004030,2023-11-07
L'Ardèche_101.0,L'Ardèche_99.0,4.273,233.0,V5004030,2023-11-12
L'Ardèche_101.0,L'Ardèche_99.0,2.44,233.0,V5004030,2023-11-21
L'Ardèche_101.0,L'Ardèche_99.0,2.695,233.0,V5004030,2023-11-19
L'Ardèche_101.0,L'Ardèche_99.0,2.311,233.0,V5004030,2023-12-17
L'Ardèche_101.0,L'Ardèche_99.0,2.722,233.0,V5004030,2023-12-08
L'Ardèche_101.0,L'Ardèche_99.0,1.764,233.0,V5004030,2023-12-25
L'Ardèche_101.0,L'Ardèche_99.0,2.362,233.0,V5004030,2023-12-04
L'Ardèche_101.0,L'Ardèche_99.0,2.245,233.0,V5004030,2023-12-18
L'Ardèche_101.0,L'Ardèche_99.0,2.281,233.0,V5004030,2023-12-07
L'Ardèche_101.0,L'Ardèche_99.0,4.815,233.0,V5004030,2023-11-08
L'Ardèche_101.0,L'Ardèche_99.0,2.652,233.0,V5004030,2023-12-11
L'Ardèche_101.0,L'Ardèche_99.0,2.042,233.0,V5004030,2023-12-21
L'Ardèche_101.0,L'Ardèche_99.0,4.105,233.0,V5004030,2023-11-11
L'Ardèche_101.0,L'Ardèche_99.0,1.881,233.0,V5004030,2023-12-23
L'Ain_41.0,L'Ain_19.0,152.15,408.0,V2712010,2023-12-28
L'Ain_41.0,L'Ain_19.0,762.297,408.0,V2712010,2023-11-15
L'Ain_41.0,L'Ain_19.0,172.264,408.0,V2712010,2023-11-28
L'Ain_41.0,L'Ain_19.0,217.517,408.0,V2712010,2023-12-20
L'Ain_41.0,L'Ain_19.0,611.775,408.0,V2712010,2023-12-14
L'Ain_41.0,L'Ain_19.0,218.984,408.0,V2712010,2023-12-06
L'Ain_41.0,L'Ain_19.0,222.614,408.0,V2712010,2023-12-22
L'Ain_41.0,L'Ain_19.0,219.9,408.0,V2712010,2023-12-08
L'Ain_41.0,L'Ain_19.0,199.292,408.0,V2712010,2023-11-30
L'Ain_41.0,L'Ain_19.0,216.272,408.0,V2712010,2023-12-07
L'Ain_41.0,L'Ain_19.0,187.296,408.0,V2712010,2023-11-02
L'Ain_41.0,L'Ain_19.0,170.584,408.0,V2712010,2023-11-10
L'Ain_41.0,L'Ain_19.0,217.867,408.0,V2712010,2023-12-21
L'Ain_41.0,L'Ain_19.0,743.593,408.0,V2712010,2023-12-13
L'Ain_41.0,L'Ain_19.0,355.691,408.0,V2712010,2023-11-17
L'Ain_41.0,L'Ain_19.0,217.972,408.0,V2712010,2023-12-30
L'Ain_41.0,L'Ain_19.0,321.961,408.0,V2712010,2023-12-10
L'Ain_41.0,L'Ain_19.0,202.755,408.0,V2712010,2023-11-22
L'Ain_41.0,L'Ain_19.0,140.642,408.0,V2712010,2023-11-09
L'Ain_41.0,L'Ain_19.0,292.733,408.0,V2712010,2023-11-13
L'Ain_41.0,L'Ain_19.0,195.815,408.0,V2712010,2023-12-29
L'Ain_41.0,L'Ain_19.0,232.407,408.0,V2712010,2023-11-21
L'Ain_41.0,L'Ain_19.0,181.335,408.0,V2712010,2023-11-27
L'Ain_41.0,L'Ain_19.0,246.502,408.0,V2712010,2023-11-03
L'Ain_41.0,L'Ain_19.0,148.2,408.0,V2712010,2023-11-08
L'Ain_41.0,L'Ain_19.0,500.127,408.0,V2712010,2023-12-01
L'Ain_41.0,L'Ain_19.0,437.931,408.0,V2712010,2023-12-15
L'Ain_41.0,L'Ain_19.0,314.497,408.0,V2712010,2023-12-16
L'Ain_41.0,L'Ain_19.0,224.602,408.0,V2712010,2023-12-23
L'Ain_41.0,L'Ain_19.0,217.854,408.0,V2712010,2023-12-05
L'Ain_41.0,L'Ain_19.0,230.502,408.0,V2712010,2023-11-05
L'Ain_41.0,L'Ain_19.0,374.535,408.0,V2712010,2023-11-16
L'Ain_41.0,L'Ain_19.0,276.146,408.0,V2712010,2023-11-18
L'Ain_41.0,L'Ain_19.0,173.063,408.0,V2712010,2023-11-24
L'Ain_41.0,L'Ain_19.0,352.627,408.0,V2712010,2023-12-03
L'Ain_41.0,L'Ain_19.0,211.059,408.0,V2712010,2023-12-19
L'Ain_41.0,L'Ain_19.0,188.519,408.0,V2712010,2023-11-07
L'Ain_41.0,L'Ain_19.0,221.239,408.0,V2712010,2023-12-25
L'Ain_41.0,L'Ain_19.0,304.846,408.0,V2712010,2023-11-20
L'Ain_41.0,L'Ain_19.0,219.944,408.0,V2712010,2023-12-26
L'Ain_41.0,L'Ain_19.0,221.838,408.0,V2712010,2023-12-09
L'Ain_41.0,L'Ain_19.0,183.584,408.0,V2712010,2023-11-29
L'Ain_41.0,L'Ain_19.0,524.125,408.0,V2712010,2023-11-14
L'Ain_41.0,L'Ain_19.0,222.059,408.0,V2712010,2023-12-04
L'Ain_41.0,L'Ain_19.0,199.624,408.0,V2712010,2023-11-01
L'Ain_41.0,L'Ain_19.0,187.122,408.0,V2712010,2023-11-25
L'Ain_41.0,L'Ain_19.0,221.813,408.0,V2712010,2023-11-06
L'Ain_41.0,L'Ain_19.0,514.141,408.0,V2712010,2023-12-11
L'Ain_41.0,L'Ain_19.0,228.227,408.0,V2712010,2023-11-11
L'Ain_41.0,L'Ain_19.0,236.418,408.0,V2712010,2023-12-17
L'Ain_41.0,L'Ain_19.0,218.923,408.0,V2712010,2023-12-27
L'Ain_41.0,L'Ain_19.0,182.156,408.0,V2712010,2023-11-26
L'Ain_41.0,L'Ain_19.0,233.292,408.0,V2712010,2023-11-04
L'Ain_41.0,L'Ain_19.0,207.868,408.0,V2712010,2023-12-31
L'Ain_41.0,L'Ain_19.0,200.343,408.0,V2712010,2023-12-18
L'Ain_41.0,L'Ain_19.0,788.966,408.0,V2712010,2023-12-12
L'Ain_41.0,L'Ain_19.0,566.782,408.0,V2712010,2023-12-02
L'Ain_41.0,L'Ain_19.0,222.555,408.0,V2712010,2023-12-24
L'Ain_41.0,L'Ain_19.0,216.015,408.0,V2712010,2023-11-12
L'Ain_41.0,L'Ain_19.0,152.292,408.0,V2712010,2023-11-19
L'Ain_41.0,L'Ain_19.0,210.058,408.0,V2712010,2023-11-23
L'Ain_19.0,Le Rhône_217.0,239.778,386.0,V2942010,2023-11-30
L'Ain_19.0,Le Rhône_217.0,300.805,386.0,V2942010,2023-11-11
L'Ain_19.0,Le Rhône_217.0,265.501,386.0,V2942010,2023-11-01
L'Ain_19.0,Le Rhône_217.0,229.099,386.0,V2942010,2023-11-02
L'Ain_19.0,Le Rhône_217.0,224.314,386.0,V2942010,2023-11-29
L'Ain_19.0,Le Rhône_217.0,261.566,386.0,V2942010,2023-12-20
L'Ain_19.0,Le Rhône_217.0,248.106,386.0,V2942010,2023-12-30
L'Ain_19.0,Le Rhône_217.0,256.527,386.0,V2942010,2023-12-18
L'Ain_19.0,Le Rhône_217.0,796.166,386.0,V2942010,2023-12-14
L'Ain_19.0,Le Rhône_217.0,323.627,386.0,V2942010,2023-11-20
L'Ain_19.0,Le Rhône_217.0,284.461,386.0,V2942010,2023-11-12
L'Ain_19.0,Le Rhône_217.0,256.748,386.0,V2942010,2023-12-19
L'Ain_19.0,Le Rhône_217.0,289.175,386.0,V2942010,2023-11-21
L'Ain_19.0,Le Rhône_217.0,198.939,386.0,V2942010,2023-11-28
L'Ain_19.0,Le Rhône_217.0,274.027,386.0,V2942010,2023-12-08
L'Ain_19.0,Le Rhône_217.0,242.738,386.0,V2942010,2023-12-31
L'Ain_19.0,Le Rhône_217.0,536.799,386.0,V2942010,2023-11-16
L'Ain_19.0,Le Rhône_217.0,358.552,386.0,V2942010,2023-11-13
L'Ain_19.0,Le Rhône_217.0,220.05,386.0,V2942010,2023-11-10
L'Ain_19.0,Le Rhône_217.0,346.882,386.0,V2942010,2023-11-18
L'Ain_19.0,Le Rhône_217.0,755.633,386.0,V2942010,2023-12-02
L'Ain_19.0,Le Rhône_217.0,242.752,386.0,V2942010,2023-11-23
L'Ain_19.0,Le Rhône_217.0,880.192,386.0,V2942010,2023-12-12
L'Ain_19.0,Le Rhône_217.0,282.015,386.0,V2942010,2023-12-05
L'Ain_19.0,Le Rhône_217.0,260.657,386.0,V2942010,2023-12-27
L'Ain_19.0,Le Rhône_217.0,291.052,386.0,V2942010,2023-12-24
L'Ain_19.0,Le Rhône_217.0,329.316,386.0,V2942010,2023-11-05
L'Ain_19.0,Le Rhône_217.0,524.342,386.0,V2942010,2023-12-11
L'Ain_19.0,Le Rhône_217.0,198.097,386.0,V2942010,2023-11-24
L'Ain_19.0,Le Rhône_217.0,201.868,386.0,V2942010,2023-11-26
L'Ain_19.0,Le Rhône_217.0,488.312,386.0,V2942010,2023-12-03
L'Ain_19.0,Le Rhône_217.0,242.936,386.0,V2942010,2023-11-07
L'Ain_19.0,Le Rhône_217.0,275.793,386.0,V2942010,2023-12-25
L'Ain_19.0,Le Rhône_217.0,265.9,386.0,V2942010,2023-12-26
L'Ain_19.0,Le Rhône_217.0,298.055,386.0,V2942010,2023-12-04
L'Ain_19.0,Le Rhône_217.0,481.91,386.0,V2942010,2023-11-14
L'Ain_19.0,Le Rhône_217.0,417.239,386.0,V2942010,2023-12-16
L'Ain_19.0,Le Rhône_217.0,207.603,386.0,V2942010,2023-11-25
L'Ain_19.0,Le Rhône_217.0,315.034,386.0,V2942010,2023-12-17
L'Ain_19.0,Le Rhône_217.0,307.086,386.0,V2942010,2023-12-23
L'Ain_19.0,Le Rhône_217.0,939.741,386.0,V2942010,2023-12-13
L'Ain_19.0,Le Rhône_217.0,166.568,386.0,V2942010,2023-11-09
L'Ain_19.0,Le Rhône_217.0,260.923,386.0,V2942010,2023-12-21
L'Ain_19.0,Le Rhône_217.0,422.795,386.0,V2942010,2023-11-17
L'Ain_19.0,Le Rhône_217.0,365.59,386.0,V2942010,2023-12-10
L'Ain_19.0,Le Rhône_217.0,270.191,386.0,V2942010,2023-12-07
L'Ain_19.0,Le Rhône_217.0,231.497,386.0,V2942010,2023-11-22
L'Ain_19.0,Le Rhône_217.0,218.189,386.0,V2942010,2023-12-29
L'Ain_19.0,Le Rhône_217.0,200.16,386.0,V2942010,2023-11-27
L'Ain_19.0,Le Rhône_217.0,326.106,386.0,V2942010,2023-11-03
L'Ain_19.0,Le Rhône_217.0,297.969,386.0,V2942010,2023-11-06
L'Ain_19.0,Le Rhône_217.0,312.069,386.0,V2942010,2023-11-04
L'Ain_19.0,Le Rhône_217.0,509.855,386.0,V2942010,2023-12-01
L'Ain_19.0,Le Rhône_217.0,944.603,386.0,V2942010,2023-11-15
L'Ain_19.0,Le Rhône_217.0,284.547,386.0,V2942010,2023-12-22
L'Ain_19.0,Le Rhône_217.0,278.258,386.0,V2942010,2023-12-06
L'Ain_19.0,Le Rhône_217.0,191.112,386.0,V2942010,2023-11-19
L'Ain_19.0,Le Rhône_217.0,193.989,386.0,V2942010,2023-11-08
L'Ain_19.0,Le Rhône_217.0,192.185,386.0,V2942010,2023-12-28
L'Ain_19.0,Le Rhône_217.0,577.387,386.0,V2942010,2023-12-15
L'Ain_19.0,Le Rhône_217.0,286.553,386.0,V2942010,2023-12-09
